Name,Year,Quarter,Cash and Due from Banks,Goodwill,Income Before Tax,Interest Income,Net Income,Net Interest Income,Non-Interest Income,Retained Earnings,Tax Expense,Total Assets,Total Liabilities,Total Stockholders Equity,Interest_Rate,Stock_Price
0,0,2,0.5078328227065148,0.14258690478611963,0.23647879452735285,0.18368728046147403,0.1522558146775851,0.24846920702393602,0.028562515840985746,0.2712596693658965,4.281102023245802,0.27620844083818163,0.2722051867073057,0.2897862025669643,1.625,0.2499858719928844
0,0,1,0.5269090698884328,0.14238349978642476,0.2394800571274812,0.19722213270600367,0.15329368662494422,0.25808410505541224,0.028854964808640887,0.28122008640985174,4.3219974171330175,0.27655072949112774,0.27135882539412226,0.3002057756696429,1.875,0.28383166295243406
0,0,3,0.516792878201052,0.14238349978642476,0.2416533852172293,0.20463407560181757,0.15568079210387023,0.26213248317392845,0.031194556549882037,0.2911805034538069,4.3176926388291,0.2755978718896831,0.2691326386673246,0.31014578683035715,2.125,0.28898531424373397
0,0,0,0.6422336551245735,0.14238349978642476,0.2409289425206466,0.2123682768844059,0.1554732177143984,0.26820505035170283,0.03031720964691661,0.2976914254176045,4.304778303917348,0.27429810011295525,0.2667679564529151,0.3179931640625,2.375,0.2362448494200146
0,1,2,0.5196832186831608,0.14238349978642476,0.24072195889305154,0.21591311913892558,0.15453913296177518,0.26820505035170283,0.030414692636134992,0.30722065557654,4.3219974171330175,0.2805286787010423,0.2723898473574548,0.32893589564732145,2.375,0.250121009452251
0,1,1,0.5179490143938955,0.14238349978642476,0.24361972967938234,0.22300280364796493,0.1570300256354371,0.277819948383179,0.03246183540972101,0.3177416155710208,4.332759362892811,0.27742957873517865,0.2674912106659992,0.3413609095982143,2.375,0.2709813190890261
0,1,3,0.6338516677264581,0.27927506458108736,0.2427917951690021,0.23363733041152396,0.15619972807754978,0.29553160265168765,0.03392408024799673,0.327615795237972,4.330606973740852,0.3119729795487155,0.30460287188346685,0.3515625,1.875,0.2713253053492321
0,1,0,0.6237354760390773,0.28252954457620566,0.24154989340343175,0.23331507202474944,0.19377069257195045,0.3036283588887202,0.033826597258778346,0.33774868703593514,4.257425742574257,0.32016015408540005,0.3123842665022503,0.36254882812500006,1.625,0.3119402545006917
0,2,2,0.5370252615758135,0.28517380957223926,0.22747500672696785,0.22590312912893556,0.14499071104607114,0.3046404534183492,0.03343666530190482,0.34266421752515974,4.244511407662505,0.32493831865963463,0.31673918016826685,0.37057059151785715,0.125,0.15199278611671455
0,2,1,0.5751777559396496,0.28517380957223926,0.22447374412683954,0.2178466694595727,0.14301875434608877,0.3203279186275998,0.030512175625353372,0.3471054424408627,4.2229875161429185,0.3685754963879296,0.36457654748189555,0.3752790178571429,0.125,0.19422324216878428
0,2,3,0.6355858720157234,0.28517380957223926,0.22478421956823214,0.21043472656375883,0.1432263287355606,0.3137493041850109,0.03294925035581291,0.35128795522555384,4.225139905294877,0.3688715298175046,0.36441240468176306,0.37946428571428575,0.125,0.19773067350052706
0,2,0,0.7928203942424417,0.28517380957223926,0.2442406805621675,0.22074699494054334,0.15827547197226804,0.33196700571833404,0.03372911426955996,0.36176579653153274,4.3176926388291,0.3500687815171528,0.34232493913892736,0.3899710518973215,0.125,0.3016513797534602
0,3,2,0.7743222151569454,0.28517380957223926,0.25231304203837474,0.21301279365795495,0.1656443627985179,0.3203279186275998,0.038115848784387125,0.3733216050500608,4.332759362892811,0.41190738964197526,0.40952602740569227,0.4016549246651786,0.125,0.37252483457946456
0,3,1,0.7575582403607144,0.28517380957223926,0.2633866661147103,0.22880345460990625,0.171560232898465,0.3466423763979556,0.04269754927765105,0.3893186384842919,4.440378820490745,0.43346232373290744,0.4315365510109658,0.4177420479910714,0.125,0.3268053750310202
0,3,3,0.7743222151569454,0.28517380957223926,0.2482768613002711,0.22332506203473945,0.16180423659328913,0.33550933657203585,0.03801836579516874,0.3960020352020973,4.3284545845888935,0.44676070045209854,0.44549894794724043,0.42441231863839296,0.125,0.3153494040438042
0,3,0,0.6433897913174171,0.28517380957223926,0.24486163144495268,0.20946795140343527,0.16107772623013772,0.3137493041850109,0.04376986215905325,0.40742848765511946,4.272492466637968,0.3590052906724492,0.34691067861763036,0.43522426060267866,0.125,0.37840945667370207
0,4,2,0.7766344875426323,0.33948294449077554,0.2435162378655848,0.2081789178563372,0.15879440794594762,0.31172511512575274,0.04172271938546724,0.4178200915840944,4.291863969005596,0.5078916036593433,0.5122178667386159,0.43352399553571425,0.375,0.4547559786040547
0,4,1,0.8173882883403664,0.353721294469418,0.2554177964523006,0.25007250813702425,0.167927681082708,0.36941450331460957,0.04074788949328342,0.43200614010124266,4.34997847610848,0.5035297360954486,0.5064626098089685,0.44132777622767866,1.625,0.5305189524144149
0,4,3,0.6381871784496213,0.3506702194739946,0.2689752240597768,0.3225806451612903,0.17903291091945076,0.4402611203886443,0.04727924977091497,0.4502022266490742,4.403788204907447,0.4999357052395142,0.5019897185053568,0.44542585100446425,3.125,0.49571491401572015
0,4,0,0.7306780738771026,0.3506702194739946,0.27094156852192985,0.3928329734781348,0.1807972932299613,0.48833561054602503,0.04620693688951278,0.46917444958994126,4.403788204907447,0.49695224333207827,0.49582410457537796,0.46970912388392855,4.375,0.4903646991471598
0,5,2,0.5971443436036764,0.3506702194739946,0.27518473288762857,0.4237697786084883,0.18121244200890493,0.48226304336825054,0.04581700493263925,0.48831914728481624,4.4855789926818765,0.49437120186797096,0.48988418699558156,0.49591064453125006,4.875,0.46243424334079464
0,5,1,0.6211341696051794,0.3506702194739946,0.27073458489433483,0.44117173149431216,0.17861776214050712,0.46556348362937094,0.04601197091107602,0.5063427590786399,4.446835987946621,0.47994882322086213,0.4723568136189281,0.5089460100446428,5.125,0.5181968731648947
0,5,3,0.5679519047343776,0.3510770294733845,0.26576697783205344,0.47146401985111663,0.17446627435107057,0.4574667273923384,0.04250258329921429,0.5214343000543296,4.429616874730951,0.4843106907847569,0.47566531693409975,0.5219377790178571,5.375,0.488927327988442
0,5,0,0.6338516677264581,0.3510770294733845,0.2607993707697721,0.4949888820856563,0.17239053045635228,0.4615151055108546,0.043282447212961345,0.5364396036530154,4.371502367628067,0.4962167852804778,0.48562673311714366,0.5495343889508929,5.375,0.5557159459745008
0,6,2,0.5124573674778888,0.3510770294733845,0.2647320596940782,0.5082014759434114,0.17373976398791918,0.46657557815899997,0.042989998245306194,0.5520485688907287,4.423159707275075,0.5068739887451791,0.4956240555377165,0.5649675641741071,5.375,0.5017039605103774
1,0,2,0.7916642580495982,1.2562292781156559,0.31575352389625977,1.4153588347136734,0.2162925138296437,1.9184251809118973,0.10986332884911582,0.5301873938202296,4.601808006887645,2.0404381664799502,2.011831618212054,2.1325247628348216,1.625,0.17825859412815456
1,0,1,1.1399502861437076,1.2562292781156559,0.45826175149545667,1.5049466662369888,0.41193137590684065,2.025201153787764,0.22811019477101246,0.6394070317957209,3.5083943176926384,2.1226984557231128,2.091522947676405,2.23052978515625,1.875,0.19908819070598266
1,0,3,1.1408173882883401,1.3786790879319812,0.38736985904414956,1.6580193999548838,0.26745960083444903,2.2144628308283996,0.14641944980600885,0.6888210488189792,5.027981058975462,2.140469712542289,2.113559118594199,2.210736955915179,2.125,0.23017594897209537
1,0,0,1.1208740389617895,1.3453206679820189,0.39523523689276174,1.7579194998549836,0.23206816742950254,2.3399625525024037,0.14856407556881324,0.6983071602894128,5.931984502798105,2.125908568225067,2.0876245561732567,2.2939191545758932,2.375,0.21063630087003957
1,1,2,1.0705821145730967,1.3453206679820189,0.42400596112847466,1.7534078824401405,0.2957935049973534,2.3131420474672337,0.1321869333801252,0.7599237661587286,5.204476969436074,2.1756791885723694,2.142561099592618,2.2960989815848216,2.375,0.23725223775347487
1,1,1,1.1142262558529392,1.3453206679820189,0.4170720096040403,1.7953014727208276,0.29911469522890266,2.3399625525024037,0.13403911017527442,0.8208073543235109,4.991390443392165,2.26525705415284,2.2275511638237475,2.418038504464286,2.375,0.251404815316234
1,1,3,1.43331984507775,1.3453206679820189,0.4122078943555564,1.7985240565885727,0.2930950379342197,2.3435048833561054,0.1383283617008832,0.879190058555179,5.01506672406371,2.3514397863378727,2.31344914291811,2.5002615792410716,1.875,0.25056942011287664
1,1,0,1.1043990982137695,1.3453206679820189,0.3867489081613644,1.7592085334020817,0.2946518458552584,2.2949243459339104,0.14788169464428458,0.9122620926361905,4.453293155402497,2.3345520042850842,2.2891611379609977,2.5475202287946432,1.625,0.2767983724535803
1,2,2,1.2700156078386033,1.3453206679820189,0.2369962535963405,1.7289162450452773,0.15713381283017303,2.323769040028339,0.12263360043672378,0.8227045766175977,4.1907016788635385,2.3663894745314114,2.3422767221913885,2.3961530412946432,0.125,0.15233062976513112
1,2,1,1.239667032776461,1.3453206679820189,0.3559083476497009,1.5942122393735298,0.2539672655187803,2.2114265472395123,0.10849856700005847,0.8630636690554421,4.653465346534653,2.8308751765793154,2.851693902402743,2.444370814732143,0.125,0.16657534650473105
1,2,3,1.6157003294988148,1.3453206679820189,0.4152091569556847,1.6090361251651575,0.296312440971033,2.26253732098578,0.12477822619952818,0.9210151864020905,5.010761945759793,2.972647436211734,3.002146167111733,2.501874651227679,0.125,0.16372517463445319
1,2,0,1.4015260997745533,1.3453206679820189,0.42524786289404504,1.6290161451451772,0.3045116293551702,2.316178331056121,0.14037550447446923,0.9609862106434172,5.0495049504950495,2.9733690176963234,2.9969654099825496,2.552708217075893,0.125,0.2761226851567472
1,3,2,1.4153997340886755,1.3453206679820189,0.5496450230786745,1.6422287390029326,0.39407997841226355,2.354131875917211,0.14905149051490515,1.0595555325589217,5.7770124838570815,3.0170478251256525,3.052127649752093,2.495553152901786,0.125,0.35609334804284104
1,3,1,1.5162726169142722,1.3453206679820189,0.4996584770144681,1.662531017369727,0.347894676754782,2.398157987956075,0.1498313544286522,1.1377728335014963,5.69737408523461,3.2847268027742036,3.3532270987452306,2.4593680245535716,0.125,0.3869599722845356
1,3,3,1.5399734088675643,1.3453206679820189,0.5415726616024672,1.6638200509168253,0.379030835175556,2.4062547441931077,0.16425883683297265,1.228925740994662,5.921222557038313,3.3555851794563902,3.4231673199892074,2.532784598214286,0.125,0.4016408144611824
1,3,0,1.220301751546332,1.445395927831906,0.4896197710761079,1.692501047339757,0.33544021338647234,2.466474368706037,0.15967713633970873,1.2683362222854628,5.751183814033577,3.3976173009337076,3.47047635266491,2.52685546875,0.125,0.428950866476819
1,4,2,1.251228394704896,1.445395927831906,0.4696458510131848,1.6622087589829526,0.3412522962916835,2.43105106016902,0.15002632040708896,1.3413361619192992,5.21093413689195,3.139846192131247,3.25120721900035,1.9608851841517856,0.375,0.4299398269749111
1,4,1,1.509913867853633,1.445395927831906,0.48351375406205366,1.7978795398150236,0.3409409347074758,2.6314457770355753,0.15265836111598527,1.4142067454876293,5.505811450710288,3.231283517691235,3.371995802047887,1.7961338588169646,1.625,0.40563965473607655
1,4,3,5.812763743568992,1.6632426825051358,0.705814170099145,2.053752698913989,0.5599319156002532,2.8627093770558174,0.41498508510264953,1.5789201355651568,5.587602238484718,3.1955652342040723,3.3641066887165163,1.5264892578125002,3.125,0.38062079691788314
1,4,0,1.3390947453610034,1.6632426825051358,0.412311386169354,2.2535528987141893,0.3883716827017883,2.7614999240929103,0.15373067399738746,1.6394156555334214,3.039173482565648,3.052553334585308,3.184047166433618,1.7089843750000002,4.375,0.35039300430228537
1,5,2,1.3174171917451873,1.6632426825051358,0.41075900896239104,2.3366955625020145,0.2865564446658571,2.6203127372096557,0.1571425786200308,1.7031450771393337,5.120533792509685,3.054306407551073,3.166632641232056,1.87347412109375,4.875,0.3015408127412511
1,5,1,1.3596161627839758,1.6632426825051358,0.39978887669985297,2.5139376752279974,0.27846104347645584,2.6203127372096557,0.15568033378175508,1.7510930587535252,5.060266896254842,3.2005885514621744,3.324019939246646,1.914585658482143,5.125,0.32675623413670507
1,5,3,1.5292791490837616,1.6164595325753106,0.3871628754165545,2.677644935709452,0.2633081130450125,2.6319518243003897,0.15470550388957127,1.7927457118464283,5.111924235901851,3.149643048441245,3.2730330819554743,1.8677629743303574,5.375,0.3415844989962972
1,5,0,1.1974680617376725,1.6164595325753106,0.2945377020677664,2.7507975895072665,0.21961370406119293,2.6324578715652045,0.16367393889766235,1.7949016462715268,4.091691777873439,3.1968835080701488,3.2900577680067213,2.168317522321429,5.375,0.4592339425985214
1,6,2,0.9084340135267933,1.6164595325753106,0.36273880736033776,2.8365183203892883,0.2287469771979533,2.716461717524417,0.1588972724259617,1.819953604291172,5.320705983641842,3.205149316486564,3.2976698903628687,2.181527273995536,5.375,0.4996953264552461
2,0,2,0.07630498872767211,0.1751317047373024,0.21008838200898305,0.033514872224549644,0.130771865367251,0.04301401750923535,0.005751496363884502,0.06295328521287696,4.179939733103745,0.036268720645278876,0.03157184171299428,0.07350376674107144,1.625,0.11114441771725805
2,0,1,0.09509220186137926,0.1751317047373024,0.2102953656365781,0.033514872224549644,0.13097943975672283,0.04250797024442084,0.006043945331539647,0.06558352521149717,4.1777873439517865,0.03255905173091671,0.027606767197292464,0.07223946707589286,1.875,0.12435717567624016
2,0,3,0.1112781085611885,0.17208062974187904,0.2088464802434127,0.033514872224549644,0.13097943975672283,0.04250797024442084,0.0055565303854477385,0.06799817176760753,4.147653895824365,0.02893264221862253,0.023621174831574096,0.07193429129464284,2.125,0.1354630177914608
2,0,0,0.09884964448812067,0.16882614974676077,0.2106058410779707,0.037059714479069306,0.13108322695145871,0.05009867921663884,0.005264081417792596,0.07054217438922379,4.179939733103745,0.027762385067333736,0.02260554125575398,0.06953648158482141,2.375,0.12444317224129164
2,1,2,0.08786635065610729,0.16882614974676077,0.2110198083331608,0.03125906351712804,0.13149837573040238,0.042001922979606296,0.0071162582129418415,0.07325865176484793,4.179939733103745,0.02766524909825442,0.022487563618158707,0.06962367466517859,2.375,0.13379836999653558
2,1,1,0.09393606566853574,0.16882614974676077,0.21215821828493364,0.03383713061132415,0.1324324604830256,0.04605030109812257,0.007603673159033748,0.07606136651747601,4.188549289711579,0.026263715830110113,0.02090255970437882,0.06988525390624999,2.375,0.13819648003774024
2,1,3,0.12139430024856929,0.16882614974676077,0.21039885745037565,0.03125906351712804,0.13108322695145871,0.042001922979606296,0.006628843266849933,0.07834665700808045,4.179939733103745,0.025939929266512424,0.02035883667893977,0.07149832589285714,1.875,0.13237942667318603
2,1,0,0.1751546332157928,0.24388259463417605,0.21112330014695835,0.030614546743578996,0.13139458853566646,0.04149587571479177,0.0083835370727808,0.0807613035641908,4.1842445114076625,0.05340628090427112,0.04612412683724523,0.11134556361607144,1.625,0.12669751076799848
2,2,2,0.2193768425920573,0.24388259463417605,0.2087429884296152,0.05027230833682446,0.12973399341989186,0.06983452254440564,0.006531360277631553,0.08218422028475583,4.1713301764959105,0.05064021854667937,0.04393897581048073,0.10384695870535716,0.125,0.0877963503057792
2,2,1,0.14827446673218103,0.24388259463417605,0.2091569556848053,0.0447939157616577,0.13004535500409958,0.06274986083700218,0.005946462342321265,0.0838227304478307,4.173482565647869,0.06035844097694733,0.05449540964400504,0.10567801339285716,0.125,0.08477418530539838
2,2,3,0.12630787906815422,0.24388259463417605,0.20926044749860284,0.04543843253520673,0.1301491421988355,0.06528009716107486,0.006628843266849933,0.08550435929940756,4.173482565647869,0.06030293470890201,0.05422867759378966,0.10746547154017856,0.125,0.062765207264007
2,2,0,0.15087577316607895,0.24388259463417605,0.21371059549189655,0.04769424124262833,0.13347033243038472,0.07034056980922018,0.006823809245286697,0.08856578618304746,4.1971588463194145,0.06322626482595546,0.057121694446125776,0.11043003627232144,0.125,0.08313410795763071
2,3,2,0.1407595814786982,0.24388259463417605,0.21795375985759524,0.0428603654410106,0.13668773546719806,0.06274986083700218,0.006628843266849933,0.09041988978863219,4.218682737839001,0.06919318864082726,0.063774607313998,0.11012486049107144,0.125,0.13040764828879123
2,3,1,0.14047054743048729,0.24388259463417605,0.2164013826506323,0.040604556733588995,0.1354422891303671,0.060219624512929504,0.007798639137470512,0.09430057175380954,4.212225570383125,0.06869363222841941,0.06313855396348439,0.11077880859375001,0.125,0.13098505379699404
2,3,3,0.12486270882709982,0.24388259463417605,0.2152629726988595,0.038348748026167376,0.13461199157247977,0.05667729365922777,0.00770115614825213,0.09775006683396717,4.205768402927249,0.0691746865514788,0.06368227698892345,0.11073521205357141,0.125,0.14284643716230994
2,3,0,0.1182149257182496,0.24388259463417605,0.2123652019125287,0.038348748026167376,0.1325362476777615,0.057689388188856855,0.008188571094344036,0.10029406945558345,4.1907016788635385,0.07170947279221505,0.06647270459117671,0.11090959821428571,0.125,0.15378642875921703
2,4,2,0.12804208335741948,0.24388259463417605,0.21112330014695835,0.03770423125261835,0.13139458853566646,0.057183340924042314,0.008188571094344036,0.10245000388068197,4.186396900559621,0.07400373187142158,0.06920670810588442,0.10934012276785714,0.375,0.12600339563579718
2,4,1,0.13700213885195675,0.24388259463417605,0.213400120050504,0.04543843253520673,0.133158970846177,0.06882242801477659,0.007896122126688894,0.105338956010314,4.1971588463194145,0.0746651815656283,0.07024798899422527,0.10663713727678571,1.625,0.13440034595189598
2,4,3,0.14047054743048729,0.24388259463417605,0.2164013826506323,0.05091682511037349,0.1354422891303671,0.07793127878143818,0.008870952018872707,0.10904716322148347,4.212225570383125,0.07015067176460903,0.06553914241542286,0.10415213448660716,3.125,0.1510529665129376
2,4,0,0.1641713393837794,0.24388259463417605,0.2145385300022768,0.055106184138442205,0.13461199157247977,0.08501594048884165,0.008188571094344036,0.11245353961313914,4.1907016788635385,0.0689850401356573,0.06374896000147728,0.10838099888392856,4.375,0.16338118837424725
2,5,2,0.16214810104630323,0.24388259463417605,0.2142280545608842,0.05252811704424608,0.13378169401459247,0.0784373260462527,0.007603673159033748,0.11547184780827707,4.2036160137752905,0.06510422689482208,0.05894265363509621,0.11260986328124999,4.875,0.11325133356101949
2,5,1,0.2722700734146482,0.2729695095905457,0.211640759215946,0.06767426122264832,0.1317059501198742,0.09614898031476138,0.007798639137470512,0.11732595141386182,4.1907016788635385,0.0808171262739845,0.07293582734639567,0.14181954520089285,5.125,0.14282800932694176
2,5,3,0.1893173015781259,0.2729695095905457,0.2178502680437977,0.07154136186394251,0.13668773546719806,0.09817316937401951,0.008578503051217563,0.12129287075604309,4.2165303486870425,0.07585856632860265,0.06759605687958381,0.1405116489955357,5.375,0.14268058664399635
2,5,0,0.20637031042256773,0.2729695095905457,0.21360710367809904,0.07121910347716799,0.13378169401459247,0.09210060219624513,0.009455849954182995,0.12405246682016918,4.186396900559621,0.0751323593216764,0.06640089211611874,0.14382498604910715,5.375,0.19040868024757185
2,6,2,0.17602173536042542,0.2729695095905457,0.215366464512657,0.07121910347716799,0.1348195659619516,0.08957036587217246,0.008286054083562418,0.127286368457817,4.201463624623331,0.07362906456211567,0.06453889722711517,0.1453944614955357,5.375,0.17736177280690332
3,0,2,0.6991733626221167,0.2865976445701035,0.33438205037981494,0.8981341239405757,0.22552957416114,1.3688578513233136,0.11883176385720691,1.2501401357376314,4.795523030563926,1.5168105358297586,1.517987486163275,1.3945225306919644,1.625,2.451135523215387
3,0,1,0.7350135846002658,0.40375892439436156,0.3252747707656324,0.9345493216460957,0.21836825772436197,1.4285714285714286,0.09758047220759977,1.288558887192887,4.75678002582867,1.5469781925123893,1.547605002662191,1.4271327427455358,1.875,2.3932598349357357
3,0,3,0.7407942655644834,0.40375892439436156,0.3364518866557655,0.9725758112854888,0.2432771844609812,1.4852487222306563,0.09134156089762335,1.3373261238886158,4.472664657770125,1.5407846181029992,1.5380590729419825,1.4498465401785716,2.125,2.6901875462231537
3,0,0,0.9283773628533439,0.4609157293086264,0.31823732742740046,1.030260062518127,0.21442434432439725,1.5535651029806183,0.07915618724532568,1.3739338904267888,4.694360740421868,1.561779863991141,1.561864908423706,1.4454868861607144,2.375,2.2388407171622116
3,1,2,0.7584253425053471,0.4609157293086264,0.3480429698010887,1.0408945892816859,0.2371537399715623,1.5515409139213603,0.10030999590571445,1.4199415310583914,4.842875591907016,1.587363628037696,1.5884714304326908,1.4604404994419644,2.375,2.4230945003968127
3,1,1,0.8032256199780333,0.5839757541240365,0.3593235775050193,1.0853662466565692,0.24545671555043538,1.5859521279287487,0.10342945156070266,1.4695280228356575,4.905294877313818,1.6656922232943154,1.672702334213207,1.4828055245535716,2.375,2.6854884482042687
3,1,3,0.8170992542921555,0.5839757541240365,0.3640842009397056,1.1227482195224132,0.2510612240661747,1.632002429026871,0.09758047220759977,1.521399805103528,4.88592337494619,1.670003210112502,1.6777958904798203,1.4801461356026788,1.875,2.816645495131366
3,1,0,1.0708711486213074,0.6909667839635498,0.33438205037981494,1.0963230318069028,0.2271901692769146,1.585446080663934,0.10099237683024312,1.563483645081451,4.761084804132587,1.7660383048755781,1.7833858761275843,1.4878627232142858,1.625,3.186000742027504
3,2,2,1.2948725359847388,0.6923906189614142,0.2749777492600335,1.1462730817569529,0.1809010804246972,1.6421233743231618,0.06160924918601704,1.5525746168904526,4.487731381833835,1.8479100502424235,1.8551265387105147,1.6497366768973216,0.125,1.9816004206460553
3,2,1,1.1070004046476674,0.6927974289608039,0.3955457123341543,1.1259708033901583,0.28115951053958965,1.6370629016750164,0.16045700025345577,1.5604653368863133,4.916056823073611,2.1380089346589464,2.175097280256391,1.6645159040178574,0.125,2.421343856036836
3,2,3,1.0006358749060638,0.6927974289608039,0.38302320286465336,1.161419225935355,0.2696391319239032,1.7195486058397855,0.1167846210836209,1.5980648332600316,4.894532931554025,2.1750454920121856,2.2119114326486184,1.7007010323660716,0.125,1.9006223694265012
3,2,0,1.0283831435343083,0.6927974289608039,0.37909051394034726,1.169475685604718,0.26476113377131527,1.744850969080512,0.12282856641516054,1.6536448227390717,4.913904433921653,2.2347517343396004,2.270176997233168,1.7682320731026788,0.125,3.4546662964719297
3,3,2,1.1685646569165846,0.6927974289608039,0.3959596795893444,1.0992233572878733,0.2741019812975475,1.6502201305601945,0.13277183131543546,1.713148612871791,5.071028842014636,2.417501496356476,2.4681126963430007,1.8083844866071428,0.125,5.047046263694953
3,3,1,1.1249205156367417,0.6927974289608039,0.4038250574379566,1.1211369275885406,0.2801216385922305,1.6826071555083244,0.13004230761732077,1.7750670495606204,5.109771846749892,2.4760929878006475,2.525131801539044,1.8760027204241072,0.125,5.034386340797016
3,3,3,0.9572807676744318,0.6927974289608039,0.36180738103616,1.1250040282298346,0.25023092650828743,1.6856434390972117,0.12009904271704587,1.8245673039608827,4.855789926818769,2.5559618819955245,2.6083265538937237,1.9216918945312502,0.125,5.100910826476132
3,3,0,0.9590149719636972,0.6840510139739235,0.3570467576014737,1.151429215945345,0.2494006289504001,1.7342239765194072,0.10918094792458714,1.8738519649186351,4.773999139044339,2.621042981278661,2.6724602235830117,1.9900076729910716,0.125,5.02253110004349
3,4,2,1.4937279611538237,0.6840510139739235,0.4311468962805042,2.2432406303374046,0.4027981027700802,3.2139061788371035,0.8278255444424948,1.9842358074836797,3.1338786052518293,4.947125654164497,4.952814074424397,4.532557896205357,0.375,4.024393539938034
3,4,1,1.6671483900803512,0.6840510139739235,0.5470577277337362,2.3947020721214267,0.38619215161233406,3.4719902838925156,0.41254801037219,2.0838399779232315,5.888936719758933,4.904385827769601,4.901724627883143,4.563947405133929,1.625,3.9550741658947457
3,4,3,1.3723336609052545,0.6840510139739235,0.6205369155299815,2.8748670684154556,0.44846446845388216,3.952735185466323,0.42132147940184433,2.2110401090040446,6.125699526474387,4.98010562842809,5.027191280734456,4.211251395089286,3.125,4.834296904369363
3,4,0,1.4792762587432797,0.6840510139739235,0.6039782253223769,3.3066933066933064,0.3882678955070524,3.98815849400334,0.4174221598331091,2.3110754663286164,7.029702970297029,4.979550565747637,5.035347126116044,4.136701311383929,4.375,4.600165113404899
3,5,2,4.600843979420776,0.6840510139739235,9.999999999999998,3.857755148077729,10.0,4.231061181114316,10.0,6.4043325658206784,3.1123547137322425,9.853000900126647,9.949679972834367,8.301914760044644,4.875,5.918320462514098
3,5,1,2.632522111104688,0.6840510139739235,1.125576966861921,9.471496245689794,0.8293634731346846,9.853246293203785,0.6406582051432025,6.687191162393606,8.730090400344382,9.614508968425259,9.656736369222815,8.543875558035715,5.125,7.821197170467305
3,5,3,2.26833921035898,0.6840510139739235,1.230103698797425,9.977441912925785,0.9020145094498241,10.0,0.5987405197792984,7.000232840917912,9.397331037451572,9.811694985656255,9.843705277498792,8.813302176339286,5.375,8.417257790674533
3,5,0,2.6065090467657086,0.6840510139739235,0.9361869476124437,10.0,0.65500098597835,9.600222660796518,0.5285527675420638,7.205046611302271,8.407232027550581,9.811371199092656,9.798925069837633,9.190848214285715,5.375,8.66529031211839
3,6,2,1.9995375455228621,0.6840510139739235,1.2373481257632521,9.89365473236441,0.8802191985552822,9.124538231870856,0.6104384784855043,7.503859122620927,10.0,10.0,9.977686838106983,9.449375697544644,5.375,10.0
4,0,2,5.872593791548644,4.988100807517848,1.063481878583404,3.841642228739003,0.8521966559765856,4.969890187743536,0.8853405080813398,6.758768185306876,6.965131295738269,6.469061268743773,6.35156720467889,6.988786969866071,1.625,0.11876739894789348
4,0,1,5.913058558298167,4.988100807517848,0.9724090824415788,4.044665012406948,0.7463337173459538,5.091341531299023,0.7235187459788266,6.946765667175468,7.266465777012483,6.431825813930038,6.307812889518559,7.009713309151786,1.875,0.10483595540955251
4,0,3,6.051794901439389,4.988100807517848,0.7281684018794112,4.192903870323225,0.5709333582422601,5.207732402206366,0.5480493653857401,7.07482817202632,5.824365045200172,6.477618485067426,6.3792150075762155,6.834455217633929,2.125,0.10191207219780196
4,0,0,7.731082721544597,5.0206456074690315,0.8906505495415311,4.444265412007347,0.5927286691368019,5.4000303628358886,0.5597473240919459,7.13433196215904,8.75161429186397,6.680401384326324,6.583572793741235,7.008841378348214,2.375,0.08132818009154949
4,1,2,7.927625874327995,8.769399751845901,1.2290687806594498,4.573168766717154,0.9258855642390841,5.405090835484034,1.072507847380632,7.395631214480981,8.88075764098149,7.68802517024235,7.516622023244672,8.575701032366073,2.375,0.09075094657647675
4,1,1,7.970980981559627,8.69413990195879,0.7954380808478049,5.227353291869421,0.5916907971894427,6.229947877131724,0.64260786492757,7.502134375080848,6.792940163581575,7.731921377221522,7.522879967499726,8.936244419642858,2.375,0.10519222689333724
4,1,3,9.407480201167697,8.706344201940484,0.9113489123010369,5.191904869324224,0.6913265041359197,6.214766459187288,0.7205942563022752,7.6552057192628435,7.137322427894963,7.837244520837515,7.602078868563678,9.255807059151786,1.875,0.10381013924072405
4,1,0,9.456615989363547,8.629050302056426,1.1711133649328338,4.982436917920789,0.8843706863447187,6.143919842113253,1.0081690744965004,7.883303581438268,8.5363753766681,7.758148088872936,7.524675279376176,9.168178013392858,1.625,0.12204141103163937
4,2,2,9.468177351291981,8.647356752028966,0.26038540351458195,4.869646482549708,0.16927691461427488,6.148980314761399,0.6533309937415921,7.6082063487956955,4.425312096427033,8.499249277724687,8.312150363012062,9.460274832589286,0.125,0.04216288732238637
4,2,1,9.291866581883346,8.647356752028966,0.45081034090203465,4.4764912506847985,0.32391983477078595,6.002226607965184,0.632859566005732,7.593545994705026,5.17864829961257,9.30940951506949,9.186877603843405,9.661690848214286,0.125,0.06634634993722249
4,2,3,8.641539973408866,8.647356752028966,0.9703392461656282,4.238020044471657,0.724538406451412,5.850412428520824,0.7030473182429665,7.751791581507257,7.675419715884631,9.26731726180179,9.108602006030196,9.930245535714286,0.125,0.07853943433916555
4,2,0,9.077981386207295,8.641254602038119,0.9713741643036035,4.192903870323225,0.7494473331880313,5.916198572946714,0.7664112612349144,7.913055476504628,7.180370210934137,9.39146628132982,9.238069639634741,10.000000000000002,0.125,0.11328204661996646
4,3,2,9.005722874154575,8.643288652035068,1.1121230310682424,4.151010280042538,0.8418179365029942,5.880775264409696,0.7293677253319295,8.119593994429065,8.191993112354712,9.494106621990287,9.378360439123027,9.775041852678573,0.125,0.1679205784866079
4,3,1,9.476848372738308,8.643288652035068,1.1411007389315504,4.218684541265186,0.8573860157133812,6.042710389150347,0.721569086194459,8.326563699238523,8.47180370210934,9.424307489923299,9.283978329046812,9.919346400669644,0.125,0.17362706483895304
4,3,3,9.268743858026475,9.161971401257043,1.124542048723946,4.1187844413650865,0.8521966559765856,5.946561408835585,0.8141779259519213,8.530946282737863,8.235040895393887,9.532590967835043,9.42467948553543,9.744088309151786,0.125,0.19806237453715425
4,3,0,8.63575929244465,9.161971401257043,1.0552025334796016,4.125229609100576,0.809643906134861,5.987045190020748,0.7712854106958336,8.711613587561121,7.675419715884631,9.689164898946213,9.614418303563642,9.607195172991073,0.125,0.2057713523328411
4,4,2,8.794728018960633,9.161971401257043,0.8316602156769398,4.1091166897618505,0.6342435470311673,5.976924244724457,0.6660037823399816,8.825878112091342,6.663796814464055,9.705030440562501,9.736294332662059,8.720877511160715,0.375,0.20459811348106724
4,4,1,9.916180126018844,10.0,0.9475710471301719,4.673068866617253,0.7048188394515884,6.705632306057386,0.6582051432025111,8.96256435464259,7.6108480413258714,9.48869476085587,9.55830198376833,8.194667271205358,1.625,0.1535652947347989
4,4,3,8.849644488120699,9.997965950003051,1.0727961418251815,5.62695369146982,0.7992651866612697,7.510247457112494,0.6543058236337759,9.135470295535491,8.256564786913474,9.42768412122939,9.60523656568123,7.220720563616071,3.125,0.14597302656311043
4,4,0,10.0,9.977625450033562,1.1421356570695258,6.6388450259418,0.886446430239437,7.910024796315976,0.7147452769491723,9.338128131494752,7.890658631080499,9.519685760514506,9.676946451489135,7.478376116071429,4.375,0.15263776035460072
4,5,2,8.017226429273368,9.977625450033562,0.9413615383023202,7.086784183558377,0.7006673516621519,7.6063964374272555,0.6777017410461874,9.48602523305651,7.567800258286698,9.575423304676681,9.685563948496092,7.930472237723214,4.875,0.11915438349062515
4,5,1,7.479623099601133,9.985761650021358,1.0003518721669116,7.592729850794367,0.7452958453985947,7.302768078538535,0.7069466378117019,9.630041652653093,7.869134739560913,9.511544841201193,9.64319458821188,7.688511439732143,5.125,0.11854626492347536
4,5,3,8.181975836753569,9.985761650021358,1.0738310599631569,8.105120685765847,0.8065302902927837,7.206619098223774,0.6962235089976798,9.794323855845601,8.127421437795952,9.774783317406118,10.0,7.137015206473214,5.375,0.11530296589867642
4,5,0,9.06352968379675,9.985761650021358,0.8699521867820255,8.488608166027522,0.6716069371360961,7.090228227316431,0.7244935758710105,9.902120577100527,6.685320705983642,9.849115461363475,9.94762818783271,8.282732282366073,5.375,0.17205455622086868
4,6,2,8.063471876987109,9.983727600024409,0.879266450023803,8.359704811317716,0.6612282176625047,6.933353575223926,0.6913493595367608,10.0,7.09427464485579,9.845970106174239,9.952039525586272,8.215593610491073,5.375,0.19051310464799148
5,0,2,0.07746112492051563,0.01830644997254032,0.2037753813673338,0.016435177725500308,0.1261014416041349,0.007590708972218002,0.0028270066873330607,0.01599703343423106,4.143349117520447,0.016360472506357776,0.01639889162574211,0.014822823660714288,1.625,0.13940657456025043
5,0,1,0.0916237932828487,0.04535931493196103,0.20418934862252394,0.022880345460990617,0.1263090159936067,0.013157228885177868,0.003021972665769823,0.01729059408929018,4.145501506672406,0.027771636112007947,0.02740158869712679,0.02890450613839285,1.875,0.138208765261319
5,0,3,0.093357997572114,0.045766124931350814,0.2048102995053091,0.031581321903902546,0.12682795196728627,0.02176003238702494,0.0026320407088962976,0.018713510809855206,4.149806284976323,0.027679125665265744,0.027175892346944536,0.0299072265625,2.125,0.12470730454823548
5,0,0,0.11070004046476675,0.045766124931350814,0.20646616852606955,0.03512616415842222,0.12828097269358907,0.024796315975912156,0.003314421633424967,0.020653851792443882,4.156263452432199,0.02880775311552057,0.02829411517284751,0.03104073660714285,2.375,0.12331293167204352
5,1,2,0.10029481472917509,0.045766124931350814,0.20501728313290415,0.0367374560922948,0.1270355263567581,0.02580841050554121,0.002729523698114679,0.02207676851300891,4.149806284976323,0.03075047249710673,0.030156110061851052,0.03352573939732144,2.375,0.12104630792175788
5,1,1,0.08266373778831143,0.045766124931350814,0.2059487094570819,0.03770423125261835,0.1277620367199095,0.02732655229998482,0.003216938644206585,0.023844634741589703,4.154111063280241,0.031842095768664674,0.03137692213783687,0.03343854631696429,2.375,0.13229343010813455
5,1,3,0.10376322330770563,0.045766124931350814,0.20781156210543744,0.0386710064129419,0.1293188446409482,0.03137493041850109,0.0037043535902984925,0.02617304392069611,4.158415841584159,0.03153681129441542,0.030740868787323253,0.035967145647321425,1.875,0.13021722732332006
5,1,0,0.09740447424706627,0.045766124931350814,0.2076045784778424,0.038348748026167376,0.1293188446409482,0.033399119477759226,0.0038018365795168744,0.02845833441130055,4.158415841584159,0.031185271596795072,0.030063779736776514,0.038452148437500014,1.625,0.14353440968272183
5,2,2,0.09884964448812067,0.045766124931350814,0.2062591848984745,0.0367374560922948,0.12807339830411724,0.03390516674257377,0.004094285547172019,0.02871704654231237,4.154111063280241,0.034543400813536865,0.03418786759010671,0.03496442522321429,0.125,0.09173376446277948
5,2,1,0.0846869761257876,0.045766124931350814,0.19922174156024255,0.040926815120363516,0.12267646417784973,0.04706239562775162,0.004094285547172019,0.02828585965729266,4.119672836848902,0.04731909350863445,0.04808871097633165,0.03727504185267856,0.125,0.10759398810298948
5,2,3,0.08526504422220937,0.045766124931350814,0.2112267919607559,0.03577068093197125,0.13201731170408196,0.04250797024442084,0.005751496363884502,0.03169223604894834,4.175634954799827,0.04711094500346451,0.04744752816331389,0.040762765066964274,0.125,0.10328801723862574
5,2,0,0.12023816405572574,0.045766124931350814,0.2109163165193633,0.039315523186490925,0.13180973731461013,0.050604726481453366,0.005361564407010976,0.03501237506360007,4.173482565647869,0.05072347794874736,0.051161259016312716,0.04324776785714286,0.125,0.13253913457971023
5,3,2,0.093357997572114,0.045766124931350814,0.2120547264711361,0.040604556733588995,0.13295139645670517,0.05364101007034057,0.005166598428574214,0.02324097310256211,4.173482565647869,0.0576848890660978,0.05849639039723584,0.046517508370535726,0.125,0.1716061455602431
5,3,1,0.09075669113821608,0.045766124931350814,0.21143377558835094,0.0367374560922948,0.13232867328828968,0.04858053742219523,0.005069115439355832,0.02669046818271975,4.173482565647869,0.059613731880672635,0.060240407648644134,0.04983084542410714,0.125,0.157766841198743
5,3,3,0.08237470374010059,0.045766124931350814,0.21008838200898305,0.03641519770552028,0.13118701414619463,0.04908658468700977,0.005459047396229358,0.02962253900085375,4.1713301764959105,0.06124654126567243,0.06155867951220864,0.05405970982142856,0.125,0.16888496853754245
5,3,0,0.10636452974160354,0.045766124931350814,0.209881398381388,0.03738197286584383,0.13097943975672283,0.05111077374626791,0.005166598428574214,0.03251149113048577,4.167025398191993,0.0666954065787879,0.06735497214188915,0.056152343749999986,0.125,0.17992938453486915
5,4,2,0.15203190935892247,0.045766124931350814,0.2117442510297435,0.0386710064129419,0.13264003487249743,0.0526289155407115,0.0055565303854477385,0.03600410489914539,4.1713301764959105,0.0714920732423709,0.07320255939661108,0.05166190011160714,0.375,0.16635421248031293
5,4,1,0.14538412625007224,0.045766124931350814,0.2119512346573386,0.0489832747897264,0.13274382206723334,0.06578614442588937,0.005166598428574214,0.03953983735630698,4.1777873439517865,0.07570592409147804,0.07834228082576139,0.04769461495535715,1.625,0.17476959063177994
5,4,3,0.12081623215214751,0.045766124931350814,0.2120547264711361,0.05994005994005994,0.13284760926196926,0.07287080613329286,0.00487414946091907,0.04311868850197052,4.175634954799827,0.08076624552827628,0.08365127451754839,0.05026681082589286,3.125,0.16644020904536444
5,4,0,0.1335337302734262,0.045766124931350814,0.2084325129882226,0.07025232831684446,0.12983778061462775,0.07287080613329286,0.004191768536390399,0.04544709768107693,4.160568230736117,0.07897154286147763,0.0813071101531555,0.05327497209821429,4.375,0.1679942898280806
5,5,2,0.15260997745534421,0.045766124931350814,0.2087429884296152,0.07476394573168767,0.1301491421988355,0.057183340924042314,0.003996802557953637,0.04781862554868531,4.162720619888075,0.0791935679336589,0.08131223961565964,0.05532400948660714,4.875,0.12962139397974906
5,5,1,0.11994913000751489,0.045766124931350814,0.21081282470556575,0.07992007992007993,0.13149837573040238,0.05465310459996964,0.006921292234505079,0.05079381505532128,4.1777873439517865,0.07225065890565692,0.07376167080956256,0.05405970982142856,5.125,0.1263043836134774
5,5,3,0.12052719810393664,0.045766124931350814,0.2062591848984745,0.08346492217459958,0.12807339830411724,0.04756844289256616,0.003996802557953637,0.05238920652989419,4.154111063280241,0.07337003531123752,0.07503377751058976,0.05379813058035714,5.375,0.13725666043396326
5,5,0,0.11994913000751489,0.045766124931350814,0.20574172582948685,0.08700976442911926,0.12755446233043766,0.05009867921663884,0.0038993195687352556,0.053769004561957254,4.154111063280241,0.0712607971255154,0.07233055077090692,0.05684988839285714,5.375,0.16827684997039263
5,6,2,0.10896583617550146,0.045766124931350814,0.2069836275950572,0.08668750604234474,0.1284885470830609,0.04908658468700977,0.004386734514827162,0.05545063341353411,4.160568230736117,0.0686057473040143,0.06928365004344655,0.05776541573660714,5.375,0.14994729639084703
6,0,2,0.07023527371524366,0.07322579989016131,0.22550866226481484,0.03996003996003997,0.13066807817251508,0.060219624512929504,0.0013647618490573396,0.014875947533179832,4.382264313387861,0.05279108643343548,0.05354132961823463,0.04255022321428571,1.625,0.041149356377136716
6,0,1,0.11590265333256256,0.1519435347720847,0.22954484300291844,0.05252811704424608,0.1224688897883779,0.04605030109812257,0.0019496597843676276,0.01323743737010495,4.143349117520447,0.06841147536585566,0.0669959097665992,0.07537841796875001,1.875,0.04396881518846762
6,0,3,0.10000578068096419,0.15072310477391532,0.2319251547202616,0.05994005994005994,0.13440441718300797,0.09614898031476138,0.0013647618490573396,0.01651445769625471,4.4984933275936285,0.07163546443482131,0.07019669436918385,0.07856096540178574,2.125,0.035025172423112934
6,0,0,0.06965720561882188,0.15072310477391532,0.23244261378924924,0.061551351873932514,0.13523471474089527,0.09614898031476138,0.0015597278274941022,0.020179546218922206,4.520017219113216,0.06718108642418445,0.06454402668961931,0.08462088448660714,2.375,0.018943814758484792
6,1,2,0.09393606566853574,0.15072310477391532,0.23037277751329865,0.055106184138442205,0.13409305559880022,0.09210060219624513,0.0016572108167124838,0.023197854414060144,4.483426603529918,0.06807381223524665,0.0649697720774631,0.08941650390625001,2.375,0.02297336809232592
6,1,1,0.08699924851147464,0.15072310477391532,0.23026928569950114,0.054783925751667684,0.13336654523564884,0.090076413136987,0.0019496597843676276,0.025828094412680344,4.468359879466207,0.06770839597061497,0.06407211613923824,0.09360177176339286,2.375,0.024232603509151268
6,1,3,0.12110526620035839,0.15072310477391532,0.22995881025810855,0.05381715059134415,0.13326275804091292,0.08754617681291432,0.0017546938059308649,0.02845833441130055,4.466207490314249,0.07115441011176186,0.06751911494202167,0.09674072265625001,1.875,0.022500386984542736
6,1,0,0.12486270882709982,0.32076968451884547,0.23896259805849354,0.081853630240727,0.12745067513570177,0.11183644552401195,0.0014622448382757207,0.027811554083770992,4.289711579853638,0.1140330021767708,0.10576951683540889,0.1758248465401786,1.625,0.02820073072509846
6,2,2,0.08902248684895078,0.32076968451884547,0.23823815536191084,0.07959782153330541,0.12350676173573705,0.057689388188856855,0.0023395917412411533,0.022680430152036496,4.182092122255703,0.11258521368525538,0.1044307271218278,0.1735142299107143,0.125,0.0037469931915290883
6,2,1,0.09798254234348805,0.3211764945182352,0.2344089582514023,0.06767426122264832,0.1325362476777615,0.10070340569809219,0.001267278859838958,0.02393087211859364,4.444683598794661,0.13738726445683874,0.13176563280640075,0.1749965122767857,0.125,0.0035627148378473347
6,2,3,0.07861726111335915,0.3211764945182352,0.2336845155548196,0.06541845251522671,0.133158970846177,0.10171550022772127,0.0017546938059308649,0.02539690752766064,4.455445544554455,0.13703572475921844,0.13122190978096168,0.17630440848214285,0.125,0.0
6,2,0,0.07052430776345453,0.3211764945182352,0.2336845155548196,0.06541845251522671,0.13357411962512064,0.10981225646475382,0.0011697958706205767,0.027035417690735523,4.470512268618166,0.13829849235724945,0.13261712358208833,0.17634800502232145,0.125,0.011990378212893095
6,3,2,0.08757731660789639,0.3211764945182352,0.23451245006519983,0.06799651960942284,0.133158970846177,0.1143666818480846,0.0014622448382757207,0.028501453099802516,4.457597933706414,0.15528803590145418,0.15126271978464464,0.1780046735491072,0.125,0.03009879776802058
6,3,1,0.10318515521128388,0.3211764945182352,0.2344089582514023,0.06767426122264832,0.13066807817251508,0.10880016193512473,0.0013647618490573396,0.02893263998482222,4.377959535083943,0.15859528437248777,0.15483795515003163,0.17874581473214285,0.125,0.025043428265351005
6,3,3,0.07746112492051563,0.3211764945182352,0.23782418810672074,0.07830878798620734,0.13575365071457485,0.12549972167400436,0.0015597278274941022,0.03147664260643849,4.539388721480844,0.17663944700955353,0.17450944385341635,0.18166678292410715,0.125,0.028366581243412056
6,3,0,0.02745823458003352,0.3211764945182352,0.23761720447912565,0.07766427121265831,0.13606501229878257,0.12549972167400436,0.0019496597843676276,0.03410688260505868,4.539388721480844,0.17832313714026155,0.17597134066709685,0.1851109095982143,0.125,0.030700773723380988
6,4,2,0.06792300132955661,0.3211764945182352,0.23782418810672074,0.07830878798620734,0.13492335315668752,0.12600576893881887,0.0016572108167124838,0.03626281703015721,4.5114076625053805,0.1749927610575424,0.1721191143264862,0.18646240234375006,0.375,0.027617182605106233
6,4,1,0.08555407827042025,0.3211764945182352,0.2416533852172293,0.09023234829686441,0.1368953098566699,0.1427053286776985,0.001267278859838958,0.03928112522529515,4.575979337064141,0.17172714228754282,0.16818481658580925,0.1891217912946429,1.625,0.025258419677979725
6,4,3,0.09913867853633157,0.3211764945182352,0.24796638585887854,0.10989010989010989,0.14032028728295504,0.16750164465361064,0.0019496597843676276,0.043679231452496144,4.6814464055101155,0.1751731564286897,0.17188315905129564,0.19012451171875,3.125,0.02953367748339652
6,4,0,0.06185328631712816,0.3211764945182352,0.25189907478318463,0.12213592858754149,0.14312254154082468,0.18875562977582108,0.0018521767951492464,0.049241542269250343,4.758932414980628,0.1625131017920199,0.1566691732640104,0.20015171595982145,4.375,0.039441710299685746
6,5,2,0.10145095092201858,0.3211764945182352,0.2493117794382464,0.11407946891817858,0.14115058484084234,0.1786346844795304,0.0019496597843676276,0.0539845980044671,4.696513129573827,0.1800392059273293,0.17535067570409568,0.20656040736607145,4.875,0.013685739066765276
6,5,1,0.10520839354876002,0.3211764945182352,0.24620702502432054,0.10441171731494311,0.1385559049724445,0.16244117200546532,0.001267278859838958,0.05764968652713459,4.621179509255273,0.16964565723584335,0.16349648785702342,0.2093941824776786,5.125,0.01426314457496812
6,5,3,0.09798254234348805,0.3211764945182352,0.2452755987001428,0.10151139183397248,0.13793318180402903,0.15839279388694905,0.0013647618490573396,0.06101294423028829,4.601808006887645,0.17387801017429894,0.16776420066046957,0.21296909877232145,5.375,0.0160383593821024
6,5,0,0.10231805306665123,0.3211764945182352,0.24196386065862188,0.09119912345718797,0.13533850193563118,0.1427053286776985,0.0010723128814021951,0.0633413534093947,4.522169608265174,0.164201417445065,0.15646912422634882,0.2177647181919643,5.375,0.02541812758450391
6,6,2,0.07601595467946123,0.3211764945182352,0.23979053256887378,0.08443169733492314,0.13212109889881787,0.13157228885177874,0.0011697958706205767,0.06428996455643805,4.433921653034869,0.16706924129407313,0.15947498925377607,0.2192470005580357,5.375,0.01825584223807289
7,0,2,0.7159373374183478,1.496653987755019,0.29029453770206776,0.7331378299120235,0.19678052121929196,0.9705986539142756,0.0638513579380398,0.443260117800257,6.03745157124408,1.1865898706611444,1.1762113995122907,1.1869594029017858,1.625,0.23154575140112976
7,0,1,1.0084397942077576,1.496653987755019,0.2884316850537122,0.7682639940704458,0.1954312876877251,0.9999493952735184,0.06628843266849933,0.46494881811674815,5.9987085665088244,1.2156427764605318,1.2067111835619193,1.2016078404017858,1.875,0.20676031283093324
7,0,3,0.9636395167350713,1.5896100726155848,0.3035414898681514,0.8033901582288678,0.2086122614191861,1.013612671423511,0.07281979294613089,0.4909925059719384,6.3129573826947905,1.2236356790590577,1.2130409402920306,1.2231009347098216,2.125,0.21255279574832983
7,0,0,1.0902364298514362,1.589203262616195,0.3063357688406847,0.8298153459443781,0.22137808637170348,1.029806183897576,0.07184496305394708,0.522339792512871,6.371071889797675,1.2300050233172581,1.2148516405559926,1.2677437918526788,2.375,0.14671013997783747
7,1,2,1.0231805306665123,1.591440717612839,0.2976424564816923,0.8456060068963295,0.20373426326659816,1.0394210819290524,0.06794564348521183,0.5463137833199666,6.190271201033147,1.2417677266205285,1.2222944906495028,1.3153948102678572,2.375,0.17804974532731524
7,1,1,1.0376322330770562,1.591440717612839,0.30954401506840806,0.8588186007540846,0.21317889798756628,1.0424573655179394,0.076426663547211,0.5742115747807416,6.4377959535083935,1.2543352708104563,1.2296398809554343,1.3713291713169644,2.375,0.17755833638416388
7,1,3,1.3350482686860512,1.7321969774017043,0.28129074990168274,0.867841835583771,0.19190252306670402,1.0576387834623755,0.08032598311594626,0.5933131537871145,5.850193715023676,1.3367435767684066,1.3073153316556572,1.487949916294643,1.875,0.16970193590553156
7,1,0,1.2309960113301346,1.7203994874194006,0.311096392275371,0.8765428120266829,0.21712281138753098,1.1092556044734578,0.0801310171375095,0.6226338619684545,6.470081790787774,1.3393940010675704,1.316338056200443,1.4362008231026786,1.625,0.20117667871437594
7,2,2,1.3601942308803976,1.7203994874194006,0.05899033386459129,0.8488285907640747,0.006331018878890718,1.0996407064419818,0.08149577898656685,0.5454082908614252,1.2268618166164442,1.3930916898790795,1.378276315937958,1.4158848353794644,0.125,0.07153071428746932
7,2,1,1.5289901150355512,1.7203994874194006,0.0,0.8133801682188779,0.0,1.1335458731845556,0.07126006511863679,0.48469717745065066,0.0,1.4603329080936465,1.458224118527516,1.370152064732143,0.125,0.08151245844523125
7,2,3,1.3818717844962134,1.7203994874194006,0.2999192763852379,0.783410138248848,0.20394183765607,1.119882597034563,0.08081339806203817,0.5086711682577464,6.237623762376238,1.4593106676571452,1.4540436065866402,1.3960484095982144,0.125,0.0697125011978093
7,2,0,1.5032660847447825,1.7203994874194006,0.30519735888891186,0.784699171795946,0.22895455158742514,1.135064014978999,0.07954611920219921,0.5429936443053148,6.34739560912613,1.4799081186242955,1.4736330238899586,1.4236886160714288,0.125,0.15583191848508451
7,3,2,1.452396092259668,1.7203994874194006,0.3364518866557655,0.763430118268828,0.23279467779265395,1.1168463134456759,0.08412781969546312,0.5788683931389543,6.997417133017649,1.5462381089384518,1.548323127412771,1.4140537806919644,0.125,0.20249119763730583
7,3,1,1.4318746748366957,1.7203994874194006,0.3115103595305611,0.755373658599465,0.21359404676650995,1.1168463134456759,0.09114659491918659,0.6068524219767332,6.478691347395609,1.5474453702684374,1.5421729018703045,1.4777047293526788,0.125,0.21787229755794324
7,3,3,1.5078906295161567,1.7203994874194006,0.36418769275350316,0.742805581515259,0.25604300941349856,1.1173523607104905,0.09026924801622117,0.6523857570348142,7.574257425742575,1.557603017320731,1.5500055911141295,1.506870814732143,0.125,0.23450034767182731
7,3,0,1.1416844904329728,1.7203994874194006,0.36894831618818946,0.724759111855886,0.2644497721871075,1.0900258084105057,0.08646741143670429,0.7014979432385585,7.673267326732673,1.6137059777475369,1.610143409512691,1.524571010044643,0.125,0.25271319162737443
7,4,2,2.01514538412625,1.7203994874194006,0.3581851675532465,0.7183139441203957,0.24971199053460785,1.0859774302919893,0.08052094909438302,0.7444441569865212,7.449418854928971,1.6038119854684592,1.6104204004879146,1.4289202008928572,0.375,0.2665647812124533
7,4,1,2.000404647667495,1.7203994874194006,0.3576677084842589,0.7766427121265831,0.24753245944515367,1.1730175598400892,0.0827630578464058,0.7866142343414484,7.438656909169177,1.5261124612496866,1.5294518348600323,1.3847569056919644,1.625,0.22278638698945685
7,4,3,1.6862246372622693,1.7203994874194006,0.37495084138844614,0.9210144694015662,0.26206266670818157,1.3481099134659178,0.08237312588953227,0.8348209280866514,7.798105897546276,1.522860719046698,1.5345300027391329,1.310947963169643,3.125,0.23276813114721878
7,4,0,1.6136770911613385,1.7203994874194006,0.3845755800716163,1.0692533273178435,0.2707807910659983,1.425029097717727,0.07437952077362499,0.886606472977518,7.998278088678433,1.5513816897773183,1.5578382803579545,1.3816615513392858,4.375,0.24935318297857706
7,5,2,1.7000982715763915,1.7203994874194006,0.3622213482913501,1.1559408333601884,0.2528256063766852,1.371894134912201,0.0774989764286132,0.9298113988564924,7.53336203185536,1.6606966591702366,1.6693887014355315,1.4638846261160714,4.875,0.1802917986304433
7,5,1,1.6113648187756517,1.7203994874194006,0.350837248773622,1.261319325835455,0.24379612043466076,1.3157228885177876,0.08032598311594626,0.9692218801472935,7.296599225139905,1.598853425523077,1.5996177524541915,1.4740426199776788,5.125,0.19334484868290122
7,5,3,1.5469102260246255,1.7203994874194006,0.3245503280690497,1.295156456446779,0.22293489429274216,1.2919386670715045,0.08305550681406094,1.0000086237377004,6.749892380542402,1.6029331362244081,1.6068810713600565,1.450718470982143,5.375,0.18685825063330327
7,5,0,1.6041389675703797,1.7203994874194006,0.2627657152319251,1.3306048789919758,0.1740511255721269,1.2934568088659482,0.03723850188142169,1.0104433463551772,5.464916056823073,1.5696432519642278,1.5544374467177082,1.5826851981026786,5.375,0.25811869000203935
7,6,2,1.179547950748598,1.7203994874194006,0.33624490302817045,1.3141697012664755,0.23424769851895672,1.2767572491270684,0.0849076836092102,1.045843789615295,6.993112354713732,1.5543096454167085,1.5348839356519188,1.6043526785714288,5.375,0.2447339389129543
8,0,2,0.0208104514711833,0.021154119968268825,0.2130896446091114,0.0,0.12402569770941661,0.0,0.0002924489676551442,0.0015522727860709361,4.2036160137752905,0.0,0.0,0.0,1.625,0.10861366166002856
8,0,1,0.04364414127984276,0.02095071496857393,0.21371059549189655,0.0012890335470980632,0.1254787184357194,0.0020241890592581357,0.00038993195687352556,0.003061426883639905,4.227292294446836,0.002465403405679578,0.0025339544770461714,0.0016566685267857123,1.875,0.11872440066536771
8,0,3,0.04335510723163188,0.02074730996887903,0.21360710367809904,0.0016112919338725773,0.12568629282519123,0.0025302363240726627,0.00038993195687352556,0.004613699669710843,4.2229875161429185,0.004213850849107137,0.004416467216066311,0.0021798270089285754,2.125,0.11452285420142361
8,0,0,0.02803630267645528,0.020543904969184144,0.2139175791194916,0.0029003254809706405,0.12506356965677576,0.0045544253833307985,0.0,0.005821022947766019,4.212225570383125,0.006582118285707414,0.006842702980525486,0.003880092075892863,2.375,0.10344772514514994
8,1,2,0.047112549858373313,0.035392469946911295,0.21505598907126444,0.004189359028068704,0.1255825056304553,0.006578614442588934,0.0004874149460919069,0.007287058356833019,4.229444683598794,0.01469528446499821,0.014777981474433224,0.012904575892857137,2.375,0.09215146206445812
8,1,1,0.06994623966703276,0.03396863494904705,0.21660836627822735,0.007734201282588379,0.12662037757781444,0.012145134355548814,0.0008773469029654324,0.009184280650919719,4.257425742574257,0.016300340715975345,0.016429668400766956,0.013994489397321425,2.375,0.09877319757342265
8,1,3,0.058384877738597594,0.03335841994996237,0.2162978908368348,0.008056459669362886,0.1264128031883426,0.012651181620363328,0.0007798639137470511,0.010909028190998543,4.248816185966422,0.017290202496116874,0.017276029713950397,0.01617431640625,1.875,0.09880391063236962
8,1,0,0.050869992485114736,0.043325264935012105,0.2167118580920249,0.00966775160323547,0.12495978246203983,0.015181417944436004,0.0007798639137470511,0.012073232780551746,4.212225570383125,0.02334501123539376,0.022369585980563447,0.0299072265625,1.625,0.10025356701466612
8,2,2,0.058962945835019355,0.045766124931350814,0.2135036118643015,0.010956785150333541,0.12215752820417017,0.017205607003694154,0.0002924489676551442,0.012030114092049777,4.141196728368489,0.025680900015634264,0.02540622778301553,0.026114327566964288,0.125,0.0377893477283393
8,2,1,0.07370368229377419,0.046783149929825275,0.21878169436797545,0.014179369018078695,0.12599765440939897,0.02226607965183948,0.003021972665769823,0.013625505566622684,4.238054240206629,0.03308173575501014,0.03343896606450196,0.027596609933035712,0.125,0.04786323106294212
8,2,3,0.07717209087230475,0.04637633993043549,0.2185747107403804,0.015468402565176752,0.1262052287988708,0.024290268711097615,0.002534557719677916,0.015220897041195594,4.244511407662505,0.031407296668976334,0.031556453325481834,0.02785818917410715,0.125,0.0387107394967481
8,2,0,0.05636163940112144,0.045766124931350814,0.21940264525076064,0.017079694499049336,0.1262052287988708,0.026820505035170278,0.0028270066873330607,0.016902525892772448,4.244511407662505,0.03131478622223413,0.031140966862646335,0.03047398158482144,0.125,0.06017302508888359
8,3,2,0.06879010347418926,0.04535931493196103,0.220644547016331,0.018368728046147406,0.12713931355149402,0.028844694094428427,0.0015597278274941022,0.01888598556386309,4.27034007748601,0.035329739610845554,0.035336867191034516,0.03265380859375,0.125,0.08336138459383824
8,3,1,0.08844441875252904,0.06976791489534812,0.2242667604992445,0.023524862234539645,0.12745067513570177,0.03694145033146096,0.003216938644206585,0.020998801300459648,4.278949634093844,0.04758274828184973,0.04880170626440737,0.03370012555803571,0.125,0.09712083500207622
8,3,3,0.11330134689866464,0.07037812989443279,0.20211951234657335,0.024491637394863194,0.11115608556216333,0.03845959212590455,0.003021972665769823,0.016341982942246827,3.8527765820060265,0.048651243941722114,0.05072525470346065,0.02742222377232144,0.125,0.09259987272508374
8,3,0,0.09364703162032487,0.06976791489534812,0.22167946515430625,0.024491637394863194,0.1286961214725327,0.03845959212590455,0.0007798639137470511,0.018972222940867034,4.306930693069306,0.04019578910948518,0.041025441108128044,0.030168805803571425,0.125,0.07229239814935393
8,4,2,0.11416844904329729,0.06936110489595834,0.22737151491317034,0.025458412555186744,0.13201731170408196,0.03997773392034816,0.004971632450137452,0.022939142283048324,4.397331037451571,0.04294797490006558,0.044539122923465346,0.02628871372767856,0.375,0.07668436557876918
8,4,1,0.07341464824556332,0.06895429489656857,0.22664707221658764,0.026102929328735786,0.13129080134093055,0.04098982844997723,0.005459047396229358,0.02660423080571582,4.3801119242359015,0.04377594339840826,0.046185680387294925,0.020054408482142863,1.625,0.09349055143454557
8,4,3,0.07370368229377419,0.06854748489717877,0.22416326868544695,0.030936805130353517,0.12911127025147637,0.04858053742219523,0.0018521767951492464,0.029320708181339958,4.3176926388291,0.0470646897800934,0.05053546459080738,0.014081682477678562,3.125,0.08236013887216734
8,4,0,0.06907913752240014,0.0679372698980941,0.22385279324405435,0.027714221262608363,0.130771865367251,0.04352006477404989,0.002534557719677916,0.0327702032614976,4.3542832544123975,0.051324795852571645,0.05474162384420386,0.018484933035714288,4.375,0.09245859265392772
8,5,2,0.07052430776345453,0.06753045989870429,0.2199201043197483,0.02030227836679449,0.1254787184357194,0.03188097768331562,0.0002924489676551442,0.03216654162247001,4.225139905294877,0.05122765988349233,0.05449540964400504,0.019662039620535712,4.875,0.04848977746546009
8,5,1,0.08237470374010059,0.06712364989931452,0.22240390785088898,0.014501627404853203,0.12828097269358907,0.022772126916654006,0.001267278859838958,0.03453806949007839,4.298321136461472,0.05132017033023452,0.054603128356592034,0.01961844308035715,5.125,0.03806576525886194
8,5,3,0.06040811607607375,0.06671683989992475,0.21805725167139275,0.011601301923882569,0.12444084648836026,0.018217701533323208,0.0007798639137470511,0.03531420588311386,4.1971588463194145,0.05297610732691989,0.05693703379597667,0.015389578683035712,5.375,0.02959510360129044
8,5,0,0.0638765246546043,0.06631002990053494,0.21878169436797545,0.014501627404853203,0.12527114404624756,0.022772126916654006,0.0008773469029654324,0.036435291784165096,4.214377959535084,0.05416486656755713,0.05732687294629146,0.02328055245535715,5.375,0.056211040484725784
8,6,2,0.034395051737094624,0.06610662490084007,0.22043756338873594,0.01063452676355902,0.1264128031883426,0.016699559738879613,0.0018521767951492464,0.038030683258738006,4.255273353422298,0.052892847924851896,0.0559060118326441,0.023367745535714288,5.375,0.06560923652249548
9,0,2,0.11879299381467134,0.0809551898785672,0.21215821828493364,0.06799651960942284,0.13284760926196926,0.082485704164769,0.00350938761186173,0.015522727860709387,4.412397761515281,0.07630724199530232,0.07462342051025841,0.08496965680803571,1.625,0.1228645210114179
9,0,1,0.14480605815365047,0.0809551898785672,0.21039885745037565,0.06574071090200122,0.13129080134093055,0.07742523151662364,0.0036068706010801113,0.018066730482325648,4.375807145931984,0.07605746378909838,0.07400788500976135,0.08784702845982141,1.875,0.14139678078001341
9,0,3,0.13179952598416092,0.0809551898785672,0.2112267919607559,0.06960781154329541,0.13201731170408196,0.08046151510551086,0.0038018365795168744,0.02074008916944782,4.393026259147653,0.07659402438020312,0.07436694738505131,0.08985246930803571,2.125,0.12532770833896406
9,0,0,0.16966298629978613,0.0809551898785672,0.21298615279531385,0.07508620411846219,0.13357411962512064,0.08602803501847073,0.0044842175040455436,0.01867039212135324,4.429616874730951,0.07954510763127927,0.07786011135037205,0.08797781808035714,2.375,0.10192435742138073
9,1,2,0.11590265333256256,0.0809551898785672,0.213400120050504,0.07959782153330541,0.13378169401459247,0.08450989322402713,0.0056540133746661204,0.021947412447502992,4.438226431338785,0.08823646410270881,0.08705723762029871,0.09168352399553571,2.375,0.12878599877639174
9,1,1,0.1488525348286028,0.0809551898785672,0.21329662823670645,0.08346492217459958,0.13367790681985656,0.08704012954809981,0.005361564407010976,0.025181314085150786,4.436074042186827,0.08936046603062651,0.08746759462063008,0.09883335658482144,2.375,0.1293449764492264
9,1,3,0.22573559165269666,0.0809551898785672,0.21443503818847925,0.08507621410847216,0.13461199157247977,0.08957036587217246,0.005751496363884502,0.028760165230814344,4.459750322858373,0.09557254252936513,0.09399227092589876,0.10192871093749999,1.875,0.1318020211649832
9,1,0,0.1361350367073241,0.0809551898785672,0.21464202181607434,0.08282040540105057,0.1354422891303671,0.08754617681291432,0.006433877288413173,0.032597728507489716,4.46405510116229,0.09198776271810495,0.08953989747230348,0.10602678571428574,1.625,0.1519559304459782
9,2,2,0.12601884501994334,0.0809551898785672,0.2119512346573386,0.0773420128258838,0.13264003487249743,0.08299175142958354,0.0055565303854477385,0.03527108719461189,4.408092983211365,0.09312101569069688,0.09069915599823958,0.10681152343749999,0.125,0.07493986383058185
9,2,1,0.22631365974911843,0.0809551898785672,0.20936393931240035,0.07508620411846219,0.13056429097777916,0.08450989322402713,0.009943264900274902,0.037082072111694654,4.3542832544123975,0.12351069744550901,0.12405092120017111,0.10977608816964286,0.125,0.0833859550409958
9,2,3,0.15347707959997686,0.0809551898785672,0.2119512346573386,0.06993006993006994,0.13264003487249743,0.07894337331106724,0.012185373652297675,0.0397985494873188,4.408092983211365,0.12842300216751978,0.12915473639179245,0.11269705636160714,0.125,0.06078728626782278
9,2,0,0.16359327128735762,0.0809551898785672,0.21660836627822735,0.07637523766556024,0.13606501229878257,0.09058246040180154,0.01325768653369987,0.043894824895006,4.5049504950495045,0.12919546439781715,0.12951892822958655,0.11692592075892859,0.125,0.1105731548208446
9,3,2,0.14249378576796345,0.0809551898785672,0.21650487446442984,0.0673520028358738,0.1362725866882544,0.07894337331106724,0.012380339630734438,0.048034218991195164,4.502798105897546,0.1418277659004643,0.14353774925340676,0.11675153459821429,0.125,0.14062281169455004
9,3,1,0.20145673160298283,0.0809551898785672,0.2213689897129137,0.07057458670361895,0.14032028728295504,0.08602803501847073,0.013452652512136632,0.05389836062746316,4.603960396039604,0.14400176139890597,0.14540487360491444,0.12141636439732141,0.125,0.12996538023995502
9,3,3,0.22429042141164227,0.0809551898785672,0.21753979260240514,0.07089684509039347,0.13720667144087761,0.08704012954809981,0.014427482404320445,0.05833958554316612,4.5243219974171325,0.15357659263672346,0.15600234313847192,0.12159075055803571,0.125,0.14143977906253918
9,3,0,0.15376611364818774,0.0809551898785672,0.21402107093328915,0.07444168734491315,0.13357411962512064,0.09463083852031781,0.011405509738550623,0.06135789373830405,4.451140766250537,0.16714324965146687,0.1708316192379465,0.12346540178571429,0.125,0.15968947868882266
9,4,2,0.18873923348170413,0.0809551898785672,0.2130896446091114,0.07089684509039347,0.13347033243038472,0.08602803501847073,0.008286054083562418,0.064376201933442,4.431769263882909,0.16335957237971094,0.16766161141038674,0.11470249720982144,0.375,0.16361460762224414
9,4,1,0.23989826001502976,0.0809551898785672,0.213400120050504,0.08249814701427605,0.13367790681985656,0.10323364202216487,0.006726326256068315,0.06739451012857993,4.438226431338785,0.15793383467828104,0.1620294615808388,0.11143275669642859,1.625,0.1457764629858499
9,4,3,0.16446037343199027,0.0809551898785672,0.21898867799557054,0.11021236827688441,0.13814075619350086,0.1442234704721421,0.006336394299194791,0.07213756586379669,4.554455445544554,0.1560049918637062,0.16054704691714172,0.10589599609375001,3.125,0.13479347310641707
9,4,0,0.1609919648534597,0.0809551898785672,0.2261296131476,0.143082723727885,0.14426420068291973,0.1857193461869339,0.006823809245286697,0.07938150553212775,4.702970297029703,0.14933036313125664,0.15185260797262098,0.11683872767857141,4.375,0.15801868828210808
9,5,2,0.1185039597664605,0.0809551898785672,0.22530167863721978,0.15017240823692438,0.14333011593029651,0.1745863063610141,0.006043945331539647,0.08619425831543907,4.685751183814033,0.15040810983580322,0.15171411248500916,0.128173828125,4.875,0.14304300073957046
9,5,1,0.181802416324643,0.0809551898785672,0.22457723594063705,0.16757436112274823,0.14270739276188105,0.17053792824249786,0.006628843266849933,0.0927482989677386,4.670684459750323,0.1615879973245979,0.1635323940945524,0.13310023716517855,5.125,0.12747147985346186
9,5,3,0.16879588415515345,0.0809551898785672,0.22519818682342224,0.18465405562179757,0.1432263287355606,0.17762258994990132,0.008188571094344036,0.09943169568554404,4.683598794662075,0.1668333396548805,0.1691183787615631,0.1350620814732143,5.375,0.15085026032388765
9,5,0,0.18555985895138447,0.0809551898785672,0.224370252313042,0.19303277367793495,0.14218845678820147,0.17509235362582865,0.0073112241913786055,0.10577014289533371,4.666379681446405,0.17156062348340684,0.172365328526685,0.1520211356026786,5.375,0.20972719432520953
9,6,2,0.13411179836984796,0.0809551898785672,0.22623310496139754,0.20237826689439595,0.143952839098712,0.16952583371286878,0.009845781911056522,0.11271225174415098,4.705122686181661,0.1767782126796668,0.1774024607057525,0.15834263392857145,5.375,0.20058084537080492
10,0,2,1.0541071738250765,0.0,0.2077080702916399,0.015146144178402245,0.13097943975672283,0.013157228885177868,0.0044842175040455436,0.0,4.319845027981058,0.015019071028595912,0.013080129385562203,0.030343191964285712,1.625,0.22504072551616366
10,0,1,0.011272327880224284,0.0,0.20708711940885474,0.019657761593245462,0.13035671658830733,0.017711654268508667,0.0017546938059308649,0.002500883933114288,4.306930693069306,0.0129653391109191,0.01046923297095391,0.033220563616071425,1.875,0.28873960977215823
10,0,3,0.0,0.0,0.2091569556848053,0.025780670941961265,0.1324324604830256,0.022772126916654006,0.0011697958706205767,0.005562310816754198,4.34997847610848,0.013252121495819918,0.010392291033391787,0.03657749720982144,2.125,0.21895953984466565
10,0,0,0.008671021446326373,0.0,0.2072941030364498,0.030614546743578996,0.13056429097777916,0.02530236324072667,0.0013647618490573396,0.00827878819237834,4.311235471373224,0.024903812262999786,0.022944085781027343,0.039716448102678575,2.375,0.15587491676761028
10,1,2,0.009249089542748133,0.0,0.2110198083331608,0.04221584866746157,0.13430062998827205,0.03542330853701735,0.0015597278274941022,0.011900758026543863,4.388721480843737,0.041675956257360355,0.04106647680816118,0.043770926339285726,2.375,0.18007680721781458
10,1,1,0.008381987398115492,0.0,0.20750108666404485,0.054461667364893177,0.130771865367251,0.04554425383330803,0.0018521767951492464,0.014487879336662094,4.315540249677142,0.06089037604571494,0.06198955436255657,0.047040666852678575,2.375,0.2366502617981145
10,1,3,0.014740736458754837,0.0,0.20998489019518554,0.06960781154329541,0.13326275804091292,0.061737766307373126,0.0018521767951492464,0.017808018351313827,4.3671975893241495,0.07396210217038758,0.0759878575363602,0.051269531250000014,1.875,0.20796426474165405
10,1,0,0.011561361928435165,0.0,0.2102953656365781,0.07283039541104057,0.13357411962512064,0.06983452254440564,0.0019496597843676276,0.021214394742969503,4.3736547567800255,0.07925369972404132,0.08143534671575905,0.05480085100446429,1.625,0.2626335096672424
10,2,2,0.018209145037285386,0.0,0.2076045784778424,0.07154136186394251,0.1308756525619869,0.07641313698699459,0.0034119046226433482,0.023844634741589703,4.3176926388291,0.09102102854964896,0.09400765931341118,0.058898925781250014,0.125,0.1317958785531938
10,2,1,0.009538123590959013,0.0,0.21464202181607434,0.06541845251522671,0.13793318180402903,0.082485704164769,0.004776666471700688,0.028501453099802516,4.46405510116229,0.10759890060585091,0.11195051915290005,0.06269182477678571,0.125,0.16343032926856235
10,2,3,0.008092953349904616,0.0,0.21474551362987185,0.07089684509039347,0.13803696899876494,0.09311269672587419,0.002729523698114679,0.03315827145801533,4.466207490314249,0.10905131461970342,0.11297128219122429,0.06766183035714286,0.125,0.1383684731678432
10,2,0,0.007225851205271975,0.0,0.21609090720923974,0.07411942895813863,0.1393862025303318,0.09867921663883406,0.002534557719677916,0.03820315801274589,4.494188549289711,0.12426928310879508,0.1292214194043463,0.07298060825892859,0.125,0.18916787266611468
10,3,2,0.009249089542748133,0.0,0.21660836627822735,0.07798652959943282,0.13990513850401137,0.10373968928697941,0.0037043535902984925,0.04342051932148432,4.5049504950495045,0.15165237534448578,0.1592082572035607,0.07620675223214286,0.125,0.2757172727786473
10,3,1,0.06792300132955661,0.0,0.2185747107403804,0.08733202281589378,0.14187709520399372,0.11689691817215728,0.005264081417792596,0.04919842358074837,4.54584588893672,0.19163539042646388,0.2027573938637266,0.08292061941964286,0.125,0.336283425022052
10,3,3,0.07659402277588301,0.0,0.22333533417506674,0.10022235828687442,0.14665130616184574,0.13612671423510955,0.004971632450137452,0.0561836511180676,4.644855789926819,0.20801436502217013,0.21173395324597521,0.1610020228794643,0.125,0.48419751691061025
10,3,0,0.06561072894386957,0.0,0.22737151491317034,0.11375721053140408,0.15069900675654638,0.15636860482769088,0.006043945331539647,0.06433308324494003,4.728798966853207,0.2531178333313289,0.26101782898577186,0.167236328125,0.125,0.6207477769887935
10,4,2,0.07601595467946123,0.0,0.22519818682342224,0.11955786149334535,0.1485194756670922,0.1654774555943525,0.006433877288413173,0.07252563406031443,4.683598794662075,0.23047590149117586,0.2357552261528723,0.16854422433035715,0.375,0.5915089448712877
10,4,1,0.0777501589687265,0.0,0.23306356467203443,0.14598304920885566,0.15640730246702161,0.20950356763321695,0.006043945331539647,0.08252916979277158,4.847180370210934,0.2415817806225768,0.24733755248722505,0.17477852957589285,1.625,0.392795453484458
10,4,3,0.06561072894386957,0.0,0.23544387638937758,0.18110921336727787,0.15879440794594762,0.2499873488183796,0.00487414946091907,0.09330884191826422,4.896685320705983,0.22100283174477475,0.22410621680596576,0.17822265625000006,3.125,0.3617138378301347
10,4,0,0.059541013931441115,0.0,0.1997392006292302,0.21430182720505303,0.12298782576205748,0.2535296796720814,0.005459047396229358,0.08994558421511052,4.154111063280241,0.21384252316692864,0.21649409444981899,0.17547607421875,4.375,0.3267623767484945
10,5,2,0.07601595467946123,0.0,0.23327054829962945,0.22364732042151397,0.15661487685649345,0.22569708010728204,0.006043945331539647,0.09986288257056375,4.851485148514851,0.21581762120487452,0.21704294693776222,0.18942696707589285,4.875,0.17454845660736182
10,5,1,0.07890629516157002,0.0,0.2240597768716494,0.2420160484676614,0.14737781652499715,0.20191285866099892,0.006921292234505079,0.10654627928836917,4.659922513990529,0.2256283540818847,0.22724031839599657,0.19526890345982145,5.125,0.17970825051045103
10,5,3,0.08728828255968551,0.0,0.22768199035456294,0.2706970448905933,0.15101036834075413,0.2009007641313699,0.0055565303854477385,0.11607550944730466,4.735256134309083,0.23308932161164297,0.23480627558960604,0.20119803292410715,5.375,0.1892292987840086
10,5,0,0.07457078443840684,0.0,0.21878169436797545,0.29422190712513296,0.14208466959346555,0.2176003238702495,0.0055565303854477385,0.12237083796859236,4.550150667240636,0.25086520395315637,0.25328772899202984,0.2117047991071429,5.375,0.30655318396139497
10,6,2,0.08035146540262442,0.0,0.22343882598886425,0.31710225258612357,0.14675509335658166,0.23176964728505642,0.006043945331539647,0.12935606550591158,4.647008179078777,0.2687058436073893,0.27232316434490095,0.21802629743303575,5.375,0.20286589695645874
11,0,2,1.0286721775825192,0.01342472997986291,0.2344089582514023,0.19303277367793495,0.1500762835881309,0.27225342847021916,0.02602795812130783,0.20606421235091715,4.875161429186397,0.1588450625786917,0.15153971075986833,0.2092197963169643,1.625,0.16148312133132514
11,0,1,1.100641655587028,0.01342472997986291,0.21878169436797545,0.14340498211465952,0.1378293946092931,0.1882495825110065,0.013160203544481488,0.21067791202062797,4.550150667240636,0.16752254248310988,0.16060860046719141,0.21388462611607145,1.875,0.19855992609209497
11,0,3,1.038499335221689,0.01342472997986291,0.2181607434851903,0.15210595855757147,0.13959377691980362,0.19786448054248265,0.010430679846366808,0.21602462939487235,4.5372363323288845,0.16551044026646705,0.15771558361485533,0.21946498325892855,2.125,0.2039347114078129
11,0,0,0.9980345684721659,0.01342472997986291,0.21940264525076064,0.15790660951951274,0.1394899897250677,0.2044430949850716,0.009065917997309469,0.22111263463810485,4.563065002152388,0.16634303428714686,0.15797205674006243,0.22517613002232145,2.375,0.16690704754135824
11,1,2,0.9806925255795131,0.01342472997986291,0.2365822863411504,0.22139151171409233,0.15215202748284917,0.29553160265168765,0.02593047513208945,0.23154735725558176,4.920361601377529,0.17214343929788273,0.1630091889191299,0.2370343889508929,2.375,0.1993953212954523
11,1,1,1.3515232094340712,0.01342472997986291,0.22023057976114085,0.1669298443491992,0.14021650008821912,0.20241890592581344,0.013940067458228539,0.23693719331832805,4.580284115368058,0.18867043060837646,0.1806032453083371,0.2432686941964286,2.375,0.2271906396424509
11,1,3,1.1298340944563268,0.01342472997986291,0.2217829569681038,0.17466404563178756,0.14063164886716276,0.21051566216284603,0.011697958706205767,0.2424563854465803,4.612569952647438,0.20627054310107967,0.1994540200110591,0.24893624441964285,1.875,0.19546404975024143
11,1,0,1.095728076767443,0.01342472997986291,0.23171817109266654,0.163062743707905,0.14831190127762037,0.2049491422498861,0.01842428496227408,0.25095076708146846,4.819199311235471,0.18391539364582743,0.17364769415272052,0.25756835937500006,1.625,0.21459214286240796
11,2,2,0.8962945835019365,0.01342472997986291,0.23306356467203443,0.21687989429924914,0.14924598603024358,0.2975557917109458,0.029049930787077655,0.25707362084874824,4.847180370210934,0.1886195498626682,0.17784872394361284,0.26620047433035715,0.125,0.14253316396105095
11,2,1,1.6012486270882709,0.01342472997986291,0.2185747107403804,0.1385711063130418,0.13793318180402903,0.19179191336470827,0.014524965393538827,0.26134237101044333,4.601808006887645,0.2227836578445621,0.21513991634872548,0.27125767299107145,0.125,0.14247788045494642
11,2,3,0.9705763338921324,0.01342472997986291,0.2249912031958272,0.13534852244529663,0.14270739276188105,0.19280400789433735,0.018131835994618935,0.26755146215472714,4.59319845027981,0.21259825765824603,0.20309080892649584,0.2777099609375,0.125,0.11933251923251753
11,2,0,1.3856292271229549,0.01342472997986291,0.22271438329228155,0.143082723727885,0.14260360556714513,0.21203380395728957,0.020081495778986564,0.27341560379099505,4.6620749031424875,0.2092632560531898,0.19872563633547097,0.2833339146205357,0.125,0.16411830178897427
11,3,2,2.8287762298398746,0.01342472997986291,0.23316705648583194,0.1794979214334053,0.14862326286182811,0.2727594757350337,0.02749020295958355,0.28031459395131036,4.849332759362893,0.22351911589616258,0.2137959971726403,0.28961181640625006,0.125,0.21101714280098186
11,3,1,2.141164229146193,0.01342472997986291,0.22995881025810855,0.12052463665366889,0.146339944577638,0.18065887353878854,0.01462244838275721,0.28397968247397787,4.569522169608265,0.20995708440375627,0.19837683288518926,0.2928379603794643,0.125,0.2229030966134553
11,3,3,2.9047921845193363,0.01342472997986291,0.2254051704510173,0.1282588379362573,0.14229224398293738,0.1943221496887809,0.016767074145561597,0.2827292405074207,4.644855789926819,0.210155981864252,0.19893081483563663,0.29004778180803575,0.125,0.24983844930993898
11,3,0,2.170067633967281,0.01342472997986291,0.21878169436797545,0.12181367020076697,0.13897105375138816,0.18723748798137743,0.022713536487882862,0.2826430031304168,4.806284976323719,0.20580799086736867,0.19433481643192535,0.28808593750000006,0.125,0.2526701933448487
11,4,2,3.0955546563385163,0.01342472997986291,0.23534038457558004,0.16016241822693436,0.15049143236707455,0.2464450179646779,0.02943986274395118,0.2917841650928345,4.894532931554025,0.21766320461738137,0.20716360215478463,0.29074532645089285,0.375,0.2209190330054817
11,4,1,2.280189606335626,0.01342472997986291,0.23037277751329865,0.12568077084206117,0.14675509335658166,0.19179191336470827,0.029049930787077655,0.2959666778775257,4.791218252260008,0.20668221458908248,0.19489392784487686,0.29157366071428575,1.625,0.2416994886889947
11,4,3,2.1625527487137983,0.01342472997986291,0.22519818682342224,0.1504946666236989,0.14218845678820147,0.22620312737209655,0.013940067458228539,0.30027854672772275,4.683598794662075,0.20146462539282245,0.18916944769025434,0.2910505022321429,3.125,0.18656340526741247
11,4,0,0.8887796982484535,0.01342472997986291,0.22312835054747165,0.1714414617640424,0.14125437203557825,0.25201153787763775,0.011990407673860911,0.3061426883639907,4.640551011622901,0.193869517715288,0.1799466741078069,0.29785156250000006,4.375,0.20363372343013272
11,5,2,0.7026417712006473,0.0648861949026707,0.23565086001697264,0.2787535045599562,0.15069900675654638,0.3982591974090379,0.02134877463882552,0.3151113755724006,4.900990099009901,0.20490601401163228,0.19087242924162945,0.30901227678571436,4.875,0.21439557928514744
11,5,1,0.6815422856812532,0.0626487399060269,0.2257156458924099,0.2101124681769843,0.14343390312503243,0.2560599159961541,0.01842428496227408,0.31869022671806413,4.694360740421868,0.21858368356246627,0.2057940356661787,0.31110491071428575,5.125,0.21712289891963743
11,5,3,0.617087692930227,0.0626487399060269,0.22633659677519505,0.2320260384776514,0.143952839098712,0.2575780577905976,0.012867754576826344,0.3214929414706922,4.70727507533362,0.21935614579276363,0.20632237030410533,0.3138950892857143,5.375,0.22841301938853986
11,5,0,0.8971616856465691,0.0626487399060269,0.22261089147848404,0.24749444104282814,0.14187709520399372,0.26820505035170283,0.013940067458228539,0.32524426737036366,4.629789065863108,0.22899573434330067,0.2160170544369338,0.32235281808035715,5.375,0.297339266277307
11,6,2,1.5613619284351694,0.0626487399060269,0.23834164717570838,0.3760755373658599,0.15329368662494422,0.420019229796063,0.02203115556335419,0.33485973490630305,4.956952216960826,0.24197957554356825,0.22924593823511608,0.33229282924107145,5.375,0.2745747469858204
12,0,2,0.639054280594254,2.0135060919797407,0.25376192743154014,0.39992265798717413,0.16543678840904608,0.5824604018015282,0.041625236396248856,0.18144344121629197,4.3671975893241495,0.6033947633536517,0.5588908460638043,0.9369768415178571,1.625,0.41524669957468563
12,0,1,0.7049540435863343,2.0198116469702825,0.2522095502245772,0.41184621829783113,0.16356861890379965,0.5854966853904154,0.03577625704314597,0.19347355530834173,4.3736547567800255,0.5977238729683549,0.5512787237076576,0.9482247488839287,1.875,0.42199128731943797
12,0,3,0.6584195618243828,2.020218456969672,0.2571771572868586,0.417969127646547,0.17041857375636993,0.5789180709478265,0.030414692636134992,0.20826326546451768,4.3349117520447695,0.5956747665730153,0.5479958677050066,0.9568132672991071,2.125,0.40137053954244917
12,0,0,0.7087114862130758,2.020218456969672,0.26214476434913997,0.41893590280687054,0.17239053045635228,0.5687971256515358,0.031097073560663668,0.22374287463672507,4.397331037451571,0.6028026964945017,0.5559926997489641,0.9560285295758929,2.375,0.286024575361247
12,1,2,0.6350078039193016,2.020218456969672,0.2558317637074907,0.417324610872998,0.16761631949850025,0.5536157077070998,0.030512175625353372,0.23706654938383395,4.365045200172191,0.6365967626894268,0.5929453476288034,0.9604753766741071,2.375,0.33284356241999247
12,1,1,0.7092895543094976,2.020218456969672,0.2517955829693871,0.438593664400116,0.16460649085115878,0.5733515510348667,0.035873740032364355,0.24888107003337387,4.343521308652604,0.6493817064291986,0.6072565480153597,0.9593854631696429,2.375,0.36355662136695227
12,1,3,0.7289438695878373,2.020218456969672,0.26514602694926825,0.438593664400116,0.17508899751948603,0.5743636455644957,0.035873740032364355,0.26479186609060096,4.403788204907447,0.6525640657971302,0.6119602651316579,0.9493582589285715,1.875,0.37468703392933045
12,1,0,0.739349095323429,2.020218456969672,0.25883302630761906,0.4302149463439786,0.17239053045635228,0.5693031729163504,0.034606461172525395,0.2792797454272631,4.3284545845888935,0.660381198546846,0.6195005750127467,0.9589494977678571,1.625,0.43941173435415354
12,2,2,0.7329903462627897,2.020218456969672,0.22768199035456294,0.4315039798910767,0.14654751896710982,0.5773999291533829,0.042210134331559145,0.26349830543554187,4.2165303486870425,0.6937682187761054,0.6591923558697979,0.9362792968750001,0.125,0.2884877626887932
12,2,1,1.0824325105497425,3.2416654801375016,0.08475979550017591,0.5372047307531178,0.03341947670496413,0.7524922827792115,0.05215339923183404,0.22012090480255955,3.5923374946190267,1.6689439654973037,1.629255786803124,1.8827165876116072,0.125,0.23024966031356808
12,2,3,0.9775131510491933,3.166609035250086,0.3209281145861362,0.9068351003834875,0.22034021442434432,1.2975051869844645,0.11113060770895478,0.2468113729852793,4.623331898407232,1.673291956494187,1.630409915866556,1.9138881138392858,0.125,0.23504704012108318
12,2,0,1.0321405861610498,3.1613205052580193,0.2674228468528139,0.8778318455737811,0.2109993668981121,1.2737209655381814,0.09465598253104833,0.2696211592028217,3.704261730520878,1.6719274274047398,1.624562328611834,1.9507271902901784,0.125,0.3725555476384115
12,3,2,1.1168275622868373,3.193661900209507,0.3928549251754186,0.8526956914053688,0.2739981941028116,1.2555032640048582,0.09309625470355422,0.3185608706525582,5.006457167455876,1.7616810628340207,1.720406335501728,1.9820731026785716,0.125,0.41005005000086
12,3,1,1.51222614023932,3.1963061652055402,0.3303458696417113,0.8172472688601721,0.22428412782430904,1.2104650574363647,0.07623169756877424,0.3468467303098509,4.739560912613,1.7915434350424022,1.7515780791393991,1.9985525948660716,0.125,0.43094721530837143
12,3,3,1.7084802589745067,3.1963061652055402,0.3572537412290687,0.8298153459443781,0.24898548017145644,1.2453823187085675,0.08403033670624475,0.3849636509455928,4.786913473956091,1.8159569419376682,1.7768458114348031,2.013942173549107,0.125,0.39356942256992145
12,3,0,1.3599051968321867,3.1963061652055402,0.33810775567652596,0.8169250104733975,0.23237952901371028,1.2357674206770914,0.08880700317794545,0.4163109374865254,4.733103745157124,1.8648163343845603,1.830515377615641,2.0183018275669644,0.125,0.4274090709176817
12,4,2,1.6827562286837385,3.893781909159327,0.33013888601411623,0.8269150204634076,0.22563336135587592,1.2529730276807856,0.08315298980327931,0.4449417466518338,4.70727507533362,2.0610078643130776,2.029025576525938,2.180262974330357,0.375,0.4385579113154281
12,4,1,1.6050060697150121,3.8907308341639033,0.35570136402210584,1.0067352002835874,0.24524914116096358,1.5277566924750774,0.08383537072780799,0.48034218991195166,4.832113646147223,2.0612807701309674,2.036201694569233,2.1218436104910716,1.625,0.4158179624710991
12,4,3,1.1231863113474767,3.8907308341639033,0.37546830045743373,1.1678643936708453,0.25957177403451964,1.7630686706138354,0.07048020120488974,0.5213911813658276,4.941885492897115,2.0136933963267802,1.989544103631557,2.0698765345982144,3.125,0.4300749644342778
12,4,0,1.567142609399387,3.891951264162073,0.38736985904414956,1.3212593857755148,0.27046942948179054,1.934112646121148,0.06082938527226999,0.5669245164239085,4.969866551872578,1.955416440401532,1.917034021673005,2.1368844168526784,4.375,0.4164137958146701
12,5,2,1.5954679461240533,3.891951264162073,0.383540661933641,1.4066578582707614,0.2667330904712977,1.859217650928597,0.06882299038817725,0.6107331039419105,4.965561773568661,2.0019075654118246,1.9596598550824256,2.2127859933035716,4.875,0.38897474895145623
12,5,1,1.5801491415688764,3.891951264162073,0.36170388922236246,1.4959234314073024,0.24960820333987194,1.7600323870249481,0.07447700376284339,0.6473408704800836,4.866551872578562,2.0026707765974474,1.9584031367689105,2.230660574776786,5.125,0.3597297742221611
12,5,3,1.4703162032487425,3.891951264162073,0.3610829383395773,1.5681093100447938,0.2503347137030233,1.7281514093416326,0.0701877522372346,0.6838192809527506,4.838570813603099,2.004928031497957,1.9639326973483757,2.204938616071429,5.375,0.3718000063883163
12,5,0,1.4587548413203073,3.891951264162073,0.3397636246972864,1.6161258096741966,0.2324833162084462,1.7220788421638582,0.06307149402429275,0.7127519209375729,4.763237193284546,2.0008992015423344,1.9439688292822548,2.3366437639508932,5.375,0.4784541748875288
12,6,2,1.3645297416035607,3.891951264162073,0.3571502494152712,1.6222487190229125,0.24099386617679108,1.669955973887961,0.06901795636661401,0.740347881578834,4.952647438656909,2.0121299697768373,1.9557101689542362,2.3427036830357144,5.375,0.4853216148680691
13,0,2,1.5879530608705703,0.2278135996582796,0.22085153064392604,0.06638522767555026,0.13969756411453954,0.10171550022772127,0.010918094792458716,0.0655404065229952,4.2165303486870425,0.18070990666621028,0.1794388573198969,0.17817905970982145,1.625,0.26263965227903185
13,0,1,1.8003930863055666,0.2278135996582796,0.22198994059569885,0.07540846250523668,0.14021650008821912,0.10728202014068114,0.010723128814021954,0.06855871471813313,4.229444683598794,0.18194954665255575,0.1806032453083371,0.1799229213169643,1.875,0.2567058892904792
13,0,3,1.4928608590091912,0.2278135996582796,0.22023057976114085,0.07959782153330541,0.13917862814086,0.11031830372956836,0.011405509738550623,0.07127519209375728,4.2165303486870425,0.17971541936373164,0.17779229985606726,0.18275669642857145,2.125,0.2774802023622028
13,0,0,1.1968899936412507,0.2278135996582796,0.2242667604992445,0.08829879797621731,0.14135815923031417,0.15738069935731996,0.010723128814021954,0.07485404323942084,4.250968575118381,0.1815193730752045,0.17861301385673,0.1927839006696429,2.375,0.2562759064652218
13,1,2,1.201225504364414,0.2278135996582796,0.22457723594063705,0.08249814701427605,0.14187709520399372,0.12701786346844796,0.01052816283558519,0.07748428323804103,4.246663796814464,0.18094118278306576,0.17585849249200575,0.2107456752232143,2.375,0.29020769398982293
13,1,1,1.1919764148216658,0.2278135996582796,0.2250946950096247,0.08282040540105057,0.14187709520399372,0.1275239107332625,0.01121054376011386,0.08106313438370459,4.257425742574257,0.17943326250116792,0.17230890443913943,0.22670200892857145,2.375,0.29129493627654535
13,1,3,1.1833053933753395,0.2278135996582796,0.22623310496139754,0.08314266378782509,0.14270739276188105,0.12802995799807704,0.010723128814021954,0.08507317241438785,4.266035299182092,0.18372112170766886,0.1760380236796507,0.23542131696428575,1.875,0.29646701540321335
13,1,0,1.0613330250303483,0.2278135996582796,0.2261296131476,0.0837871805613741,0.14312254154082468,0.12954809979252063,0.01062564582480357,0.08921256651057702,4.259578131726216,0.18388301498946769,0.17528912215404596,0.2432686941964286,1.625,0.32839016887268335
13,2,2,0.8624775998612636,0.2278135996582796,0.22126549789911615,0.08410943894814862,0.13917862814086,0.10778806740549568,0.01052816283558519,0.08912632913357309,4.238054240206629,0.18427618438812204,0.17705878671797498,0.2319771902901786,0.125,0.2823635787347694
13,2,1,1.4295624024510085,0.2278135996582796,0.2250946950096247,0.08894331474976636,0.14187709520399372,0.13764485602955318,0.008578503051217563,0.09261894290223269,4.259578131726216,0.2229363000816867,0.21466800579834444,0.2767072405133929,0.125,0.27707478998410295
13,2,3,1.1353257413723334,0.2278135996582796,0.22602612133380245,0.08862105636299183,0.1423960311776733,0.1366327614999241,0.009455849954182995,0.09593908191688441,4.26818768833405,0.22752944376243683,0.21886390612673262,0.2843366350446429,0.125,0.26245537392535007
13,2,0,1.7778484305451179,0.2278135996582796,0.2313042038374764,0.09377719055138409,0.1461323701881662,0.14472951773695664,0.012770271587607962,0.10012159470157556,4.298321136461472,0.23607278351907884,0.22735316657108773,0.2927071707589286,0.125,0.2699432176966189
13,3,2,2.486559916758194,0.2278135996582796,0.22633659677519505,0.09152138184396247,0.1423960311776733,0.14118718688325488,0.009163400986527851,0.10395915797825095,4.274644855789926,0.2436863932859618,0.2374684666292558,0.27845110212053575,0.125,0.31350047789519725
13,3,1,2.698710908144979,0.2278135996582796,0.22985531844431104,0.0979665495794528,0.14499071104607114,0.15130813217954556,0.009943264900274902,0.10896092584447951,4.296168747309514,0.25457024734518147,0.2479992531502594,0.29157366071428575,0.125,0.28930473005678237
13,3,3,2.904214116422914,0.2278135996582796,0.22923436756152585,0.09635525764558023,0.14447177507239156,0.14877789585547288,0.010235713867930048,0.11374710026819826,4.291863969005596,0.2664023334835086,0.26133585566102874,0.28974260602678575,0.125,0.2817493175558302
13,3,0,3.2542343488062886,0.2278135996582796,0.22882040030633574,0.09377719055138409,0.1440566262934479,0.14523556500177118,0.00974829892183814,0.11823144387240317,4.289711579853638,0.2690573833050097,0.2648392785513577,0.28499058314732145,0.125,0.29243131945758283
13,4,2,2.981097173247008,0.2278135996582796,0.2293378593753234,0.09635525764558023,0.14499071104607114,0.14877789585547288,0.01052816283558519,0.12306073698462389,4.283254412397762,0.26190632577183776,0.26334147550014825,0.2303205217633929,0.375,0.3105704520716573
13,4,1,2.1593733741834784,0.2278135996582796,0.23358102374102205,0.10989010989010989,0.1477929653039408,0.17003188097768332,0.010235713867930048,0.12909735337489978,4.313387860525182,0.25802088700866543,0.2633722522751731,0.19343784877232145,1.625,0.28531817500546697
13,4,3,1.1778137464593328,0.2278135996582796,0.24734543497609335,0.1511391833972479,0.15765274880385258,0.2348059308739436,0.010723128814021954,0.13923024517286284,4.395178648299613,0.2559208998676175,0.26504958651402755,0.15938895089285715,3.125,0.2681557176659058
13,4,0,0.832418058847332,0.2278135996582796,0.2542793865005278,0.17820888788630726,0.16232317256696868,0.2773139011183645,0.009358366964964613,0.1513034779534146,4.442531209642703,0.24543484072938937,0.2501844041770239,0.18689836774553575,4.375,0.3093173592666213
13,5,2,0.5462743511185616,0.2278135996582796,0.25521081282470554,0.1794979214334053,0.16356861890379965,0.2874348464146551,0.009455849954182995,0.16001345303081263,4.438226431338785,0.2338802859312888,0.235273056677483,0.20468575613839285,4.875,0.2257778389308907
13,5,1,0.7514885253482859,0.2278135996582796,0.25490033738331297,0.18239824691437595,0.1632572573195919,0.2833864682961389,0.009650815932619758,0.17256099138488604,4.436074042186827,0.2284314206181733,0.22877915714723918,0.2086094447544643,5.125,0.19316671294100882
13,5,3,1.1977570957858834,0.2278135996582796,0.2571771572868586,0.1898101898101898,0.1647102780458947,0.2904711300035423,0.010235713867930048,0.18545347924697525,4.453293155402497,0.22771909017825837,0.2281636216467421,0.2070835658482143,5.375,0.22479502104458804
13,5,0,0.5321116827562287,0.2278135996582796,0.25521081282470554,0.18433179723502302,0.1625307469564405,0.2808562319720662,0.009943264900274902,0.19739735596202107,4.455445544554455,0.2183431564009366,0.21138002033318937,0.26136125837053575,5.375,0.306522470902448
13,6,2,1.2370657263425628,0.2278135996582796,0.24941527125204394,0.17659759595243468,0.1593133439196272,0.2606143413794849,0.009065917997309469,0.20800455333350584,4.403788204907447,0.2229733042603836,0.21555027334905685,0.2695574079241072,5.375,0.26390503030764656
