Name,Year,Quarter,Cash and Due from Banks,Goodwill,Income Before Tax,Interest Income,Loans,Net Income,Net Interest Income,Net Loans,Non-Interest Income,Retained Earnings,Tax Expense,Total Assets,Total Liabilities,Total Stockholders Equity,Interest_Rate,Stock_Price
BANF,2018,Mar. 31,181.9,79.8,36.9,70.9,4984.5,29.6,63.0,4932.9,30.1,661.3,7.3,7615.6,6777.5,838.1,1.625,46.171
BANF,2018,Jun. 30,188.5,79.7,39.8,75.1,5007.5,30.6,64.9,4955.3,30.4,684.4,9.2,7623.0,6761.0,862.0,1.875,51.681
BANF,2018,Sep. 30,185.0,79.7,41.9,77.4,4947.5,32.9,65.7,4895.7,32.8,707.5,9.0,7602.4,6717.6,884.8,2.125,52.52
BANF,2018,Dec. 31,228.4,79.7,41.2,79.8,4976.0,32.7,66.9,4924.6,31.9,722.6,8.4,7574.3,6671.5,902.8,2.375,43.934
BANF,2019,Mar. 31,186.0,79.7,41.0,80.9,5042.5,31.8,66.9,4989.6,32.0,744.7,9.2,7709.0,6781.1,927.9,2.375,46.193
BANF,2019,Jun. 30,185.4,79.7,43.8,83.1,5094.4,34.2,68.8,5039.3,34.1,769.1,9.7,7642.0,6685.6,956.4,2.375,49.589
BANF,2019,Sep. 30,225.5,147.0,43.0,86.4,5606.8,33.4,72.3,5550.9,35.6,792.0,9.6,8388.8,7409.1,979.8,1.875,49.645
BANF,2019,Dec. 31,222.0,148.6,41.8,86.3,5662.1,69.6,73.9,5607.9,35.5,815.5,6.2,8565.8,7560.8,1005.0,1.625,56.257
BANF,2020,Mar. 31,192.0,149.9,28.2,84.0,5989.9,22.6,74.1,5919.8,35.1,826.9,5.6,8669.1,7645.7,1023.4,0.125,30.218
BANF,2020,Jun. 30,205.2,149.9,25.3,81.5,6675.0,20.7,77.2,6585.5,32.1,837.2,4.6,9612.5,8578.3,1034.2,0.125,37.093
BANF,2020,Sep. 30,226.1,149.9,25.6,79.2,6612.1,20.9,75.9,6506.0,34.6,846.9,4.7,9618.9,8575.1,1043.8,0.125,37.664
BANF,2020,Dec. 31,280.5,149.9,44.4,82.4,6394.5,35.4,79.5,6303.1,35.4,871.2,9.0,9212.4,8144.5,1067.9,0.125,54.582
BANF,2021,Mar. 31,274.1,149.9,52.2,80.0,6358.4,42.5,77.2,6267.5,39.9,898.0,9.7,10549.3,9454.6,1094.7,0.125,66.12
BANF,2021,Jun. 30,268.3,149.9,62.9,84.9,6191.2,48.2,82.4,6107.3,44.6,935.1,14.7,11015.3,9883.7,1131.6,0.125,58.677
BANF,2021,Sep. 30,274.1,149.9,48.3,83.2,6016.9,38.8,80.2,5930.5,39.8,950.6,9.5,11302.8,10155.9,1146.9,0.125,56.812
BANF,2021,Dec. 31,228.8,149.9,45.0,78.9,6169.4,38.1,75.9,6085.5,45.7,977.1,6.9,9405.6,8233.9,1171.7,0.125,67.078
BANF,2022,Mar. 31,274.9,176.6,43.7,78.5,6494.3,35.9,75.5,6407.1,43.6,1001.2,7.8,12624.4,11456.6,1167.8,0.375,79.507
BANF,2022,Jun. 30,289.0,183.6,55.2,91.5,6613.3,44.7,86.9,6526.3,42.6,1034.1,10.5,12530.1,11344.4,1185.7,1.625,91.841
BANF,2022,Sep. 30,227.0,182.1,68.3,114.0,6827.8,55.4,100.9,6737.9,49.3,1076.3,13.0,12452.4,11257.2,1195.1,3.125,86.175
BANF,2022,Dec. 31,259.0,182.1,70.2,135.8,6943.6,57.1,110.4,6850.8,48.2,1120.3,13.0,12387.9,11137.0,1250.8,4.375,85.304
BANF,2023,Mar. 31,212.8,182.1,74.3,145.4,7118.6,57.5,109.2,7023.8,47.8,1164.7,16.8,12332.1,11021.2,1310.9,4.875,80.757
BANF,2023,Jun. 30,221.1,182.1,70.0,150.8,7298.7,55.0,105.9,7201.8,48.0,1206.5,15.0,12020.3,10679.5,1340.8,5.125,89.835
BANF,2023,Sep. 30,202.7,182.3,65.2,160.2,7472.6,51.0,104.3,7374.8,44.4,1241.5,14.2,12114.6,10744.0,1370.6,5.375,85.07
BANF,2023,Dec. 31,225.5,182.3,60.4,167.5,7656.6,49.0,105.1,7559.8,45.2,1276.3,11.5,12372.0,10938.2,1433.9,5.375,95.943
BANF,2024,Mar. 31,183.5,182.3,64.2,171.6,7781.9,50.3,106.1,7684.6,44.9,1312.5,13.9,12602.4,11133.1,1469.3,5.375,87.15
BPOP,2018,Mar. 31,280.1,627.3,113.5,453.1,24224.8,91.3,393.0,23962.0,113.5,1261.8,22.2,45756.8,40691.9,5064.9,1.625,34.494
BPOP,2018,Jun. 30,400.6,627.3,251.2,480.9,24752.7,279.8,414.1,23965.5,234.8,1515.1,-28.6,47535.2,42245.5,5289.7,1.875,37.885
BPOP,2018,Sep. 30,400.9,687.5,182.7,528.4,26662.0,140.6,451.5,25878.5,151.0,1629.7,42.0,47919.4,42675.1,5244.3,2.125,42.946
BPOP,2018,Dec. 31,394.0,671.1,190.3,559.4,26663.7,106.5,476.3,25938.5,153.2,1651.7,84.0,47604.6,42169.5,5435.1,2.375,39.765
BPOP,2019,Mar. 31,376.6,671.1,218.1,558.0,26808.3,167.9,471.0,26097.1,136.4,1794.6,50.2,48680.6,43240.5,5440.1,2.375,44.098
BPOP,2019,Jun. 30,391.7,671.1,211.4,571.0,27171.5,171.1,476.3,26462.1,138.3,1935.8,40.3,50617.2,44897.4,5719.8,2.375,46.402
BPOP,2019,Sep. 30,502.1,671.1,206.7,572.0,27181.2,165.3,477.0,26495.6,142.7,2071.2,41.4,52480.4,46572.0,5908.4,1.875,46.266
BPOP,2019,Dec. 31,388.3,671.1,182.1,559.8,27587.9,166.8,467.4,26929.2,152.5,2147.9,15.3,52115.3,46098.5,6016.8,1.625,50.536
BPOP,2020,Mar. 31,445.6,671.1,37.4,550.4,27847.8,34.3,473.1,26742.6,126.6,1940.2,3.1,52803.6,47134.0,5669.6,0.125,30.273
BPOP,2020,Jun. 30,435.1,671.1,152.3,508.6,29250.1,127.6,450.9,28152.1,112.1,2033.8,24.6,62845.4,57065.2,5780.2,0.125,32.592
BPOP,2020,Sep. 30,565.2,671.1,209.6,513.2,29586.3,168.4,461.0,28466.7,128.8,2168.2,41.2,65910.4,59998.3,5912.1,0.125,32.128
BPOP,2020,Dec. 31,491.1,671.1,219.3,519.4,29588.4,176.3,471.6,28488.9,144.8,2260.9,43.0,65926.0,59897.3,6028.7,0.125,50.426
BPOP,2021,Mar. 31,495.9,671.1,339.5,523.5,29344.6,262.6,479.1,28330.8,153.7,2489.5,76.8,66870.3,60972.7,5897.6,0.125,63.445
BPOP,2021,Jun. 30,530.8,671.1,291.2,529.8,29286.2,218.1,487.8,28276.8,154.5,2670.9,73.1,72657.3,66842.7,5814.6,0.125,68.47
BPOP,2021,Sep. 30,539.0,671.1,331.7,530.2,29089.2,248.1,489.4,28136.8,169.3,2882.3,83.5,74189.2,68206.2,5983.0,0.125,70.86
BPOP,2021,Dec. 31,428.4,720.3,281.5,539.1,29506.2,206.1,501.3,28545.2,164.6,2973.7,75.6,75097.9,69128.5,5969.4,0.125,75.306
BPOP,2022,Mar. 31,439.1,720.3,262.2,529.7,29856.4,211.7,494.3,28910.4,154.7,3143.0,50.5,69525.1,64853.8,4671.2,0.375,75.467
BPOP,2022,Jun. 30,528.6,720.3,275.6,571.8,30643.4,211.4,533.9,29689.2,157.4,3312.0,64.2,71501.9,67208.6,4293.3,1.625,71.511
BPOP,2022,Sep. 30,2017.3,827.4,490.4,651.2,31805.9,422.4,579.6,30820.1,426.5,3694.0,68.0,70729.7,67054.8,3674.8,3.125,67.438
BPOP,2022,Dec. 31,469.5,827.4,206.8,713.2,32372.9,257.1,559.6,31357.5,158.5,3834.3,-50.4,67637.9,63544.5,4093.4,4.375,62.517
BPOP,2023,Mar. 31,462.0,827.4,205.3,739.0,32645.0,159.0,531.7,31649.3,162.0,3982.1,46.3,67675.8,63205.0,4470.7,4.875,54.564
BPOP,2023,Jun. 30,476.6,827.4,194.7,794.0,33355.0,151.2,531.7,32330.7,160.5,4093.3,43.5,70838.3,66273.3,4565.0,5.125,58.669
BPOP,2023,Sep. 30,535.3,804.4,182.5,844.8,34369.8,136.6,534.0,33318.2,159.5,4189.9,45.9,69736.9,65279.3,4457.6,5.375,61.083
BPOP,2023,Dec. 31,420.5,804.4,93.0,867.5,35420.9,94.5,534.1,34335.6,168.7,4194.9,-1.5,70758.2,65611.2,5147.0,5.375,80.236
BPOP,2024,Mar. 31,320.5,804.4,158.9,894.1,35486.2,103.3,550.7,34379.2,163.8,4253.0,55.6,70936.9,65759.6,5177.3,5.375,86.823
FCBC,2018,Mar. 31,32.6,95.8,11.4,24.3,1773.6,8.9,22.4,1767.7,6.7,178.2,2.6,2428.3,2086.3,342.0,1.625,23.568
FCBC,2018,Jun. 30,39.1,95.8,11.6,24.3,1779.4,9.1,22.3,1776.1,7.0,184.3,2.5,2348.1,2009.0,339.1,1.875,25.719
FCBC,2018,Sep. 30,44.7,94.3,10.2,24.3,1790.9,9.1,22.3,1772.7,6.5,189.9,1.1,2269.7,1931.3,338.4,2.125,27.527
FCBC,2018,Dec. 31,40.4,92.7,11.9,25.4,1775.1,9.2,23.8,1756.8,6.2,195.8,2.6,2244.4,1911.5,332.9,2.375,25.733
FCBC,2019,Mar. 31,36.6,92.7,12.3,23.6,1737.4,9.6,22.2,1719.1,8.1,202.1,2.6,2242.3,1909.2,333.1,2.375,27.256
FCBC,2019,Jun. 30,38.7,92.7,13.4,24.4,1720.9,10.5,23.0,1702.4,8.6,208.6,3.0,2212.0,1878.3,333.7,2.375,27.972
FCBC,2019,Sep. 30,48.2,92.7,11.7,23.6,1694.1,9.2,22.2,1675.6,7.6,213.9,2.6,2205.0,1867.7,337.4,1.875,27.025
FCBC,2019,Dec. 31,66.8,129.6,12.4,23.4,2114.5,9.5,22.1,2096.0,9.4,219.5,2.8,2798.8,2370.0,428.8,1.625,26.1
FCBC,2020,Mar. 31,82.1,129.6,10.1,29.5,2096.7,7.9,27.7,2075.6,7.5,222.8,2.2,2739.0,2327.4,411.6,0.125,19.767
FCBC,2020,Jun. 30,57.5,129.6,10.5,27.8,2136.8,8.2,26.3,2113.1,6.9,226.6,2.3,2949.1,2533.2,415.8,0.125,19.275
FCBC,2020,Sep. 30,49.9,129.6,10.6,28.0,2195.0,8.3,26.8,2167.7,7.6,230.5,2.3,2947.9,2528.0,419.9,0.125,15.692
FCBC,2020,Dec. 31,58.4,129.6,14.9,28.7,2186.6,11.5,27.8,2160.4,7.8,237.6,3.4,3011.1,2584.4,426.7,0.125,19.008
FCBC,2021,Mar. 31,54.9,129.6,19.0,27.2,2146.6,14.6,26.3,2112.1,7.6,241.9,4.4,3140.1,2714.1,426.0,0.125,26.704
FCBC,2021,Jun. 30,54.8,129.6,17.5,26.5,2153.7,13.4,25.8,2121.9,8.8,250.9,4.1,3129.3,2701.7,427.5,0.125,26.798
FCBC,2021,Sep. 30,49.4,129.6,16.4,25.8,2152.1,12.6,25.1,2122.2,8.7,258.9,3.8,3139.7,2712.3,427.4,0.125,28.729
FCBC,2021,Dec. 31,47.1,129.6,13.6,25.8,2165.6,10.6,25.3,2137.7,9.2,264.8,3.1,3194.5,2766.7,427.8,0.125,30.51
FCBC,2022,Mar. 31,50.5,129.6,12.4,25.6,2244.3,9.5,25.2,2215.3,9.2,269.8,2.9,3244.1,2820.0,424.2,0.375,25.987
FCBC,2022,Jun. 30,53.6,129.6,14.6,28.0,2299.8,11.2,27.5,2270.0,8.9,276.5,3.4,3258.4,2840.3,418.0,1.625,27.354
FCBC,2022,Sep. 30,54.8,129.6,17.5,29.7,2362.7,13.4,29.3,2333.3,9.9,285.1,4.1,3160.8,2748.5,412.3,3.125,30.065
FCBC,2022,Dec. 31,63.0,129.6,15.7,31.0,2400.2,12.6,30.7,2369.6,9.2,293.0,3.1,3135.6,2713.6,422.0,4.375,32.072
FCBC,2023,Mar. 31,62.3,129.6,15.4,30.2,2388.9,11.8,29.4,2358.1,8.6,300.0,3.7,3051.7,2619.9,431.7,4.875,23.911
FCBC,2023,Jun. 30,100.4,143.9,12.9,34.9,2621.1,9.8,32.9,2584.9,8.8,304.3,3.1,3391.4,2892.7,498.7,5.125,28.726
FCBC,2023,Sep. 30,71.7,143.9,18.9,36.1,2593.5,14.6,33.3,2557.4,9.6,313.5,4.3,3284.2,2788.6,495.7,5.375,28.702
FCBC,2023,Dec. 31,77.6,143.9,14.8,36.0,2572.3,11.8,32.1,2536.1,10.5,319.9,2.9,3268.5,2765.3,503.3,5.375,36.472
FCBC,2024,Mar. 31,67.1,143.9,16.5,36.0,2519.8,12.8,31.6,2484.4,9.3,327.4,3.6,3236.0,2729.0,506.9,5.375,34.348
FCNCA,2018,Mar. 31,248.1,150.6,131.5,292.6,23612.0,100.2,284.4,23388.9,122.7,2931.5,31.2,34436.4,31064.3,3372.1,1.625,404.512
FCNCA,2018,Jun. 30,260.5,208.2,122.7,303.9,24538.4,93.3,296.2,24313.6,100.9,3020.6,29.4,35088.6,31641.7,3446.9,1.875,395.09
FCNCA,2018,Sep. 30,262.5,208.2,133.5,315.7,24886.3,117.3,307.4,24667.2,94.5,3133.7,16.2,34954.7,31455.6,3499.0,2.125,443.429
FCNCA,2018,Dec. 31,327.4,236.3,115.9,333.6,25523.3,89.5,320.9,25299.6,82.0,3218.6,26.5,35408.6,31919.7,3489.0,2.375,369.951
FCNCA,2019,Mar. 31,268.6,236.3,144.7,336.9,25463.8,111.4,320.5,25235.0,103.7,3325.3,33.4,35961.7,32438.4,3523.3,2.375,399.947
FCNCA,2019,Jun. 30,284.1,296.8,155.6,350.7,26728.2,119.4,327.3,26501.7,106.9,3440.3,36.3,37655.1,34080.5,3574.6,2.375,442.664
FCNCA,2019,Sep. 30,288.9,296.8,160.2,362.3,27196.5,124.8,336.4,26969.7,100.9,3560.6,35.4,37748.3,34179.8,3568.5,1.875,464.016
FCNCA,2019,Dec. 31,376.7,349.4,131.5,354.1,28881.5,101.8,327.2,28656.4,104.4,3658.2,29.6,39824.5,36238.3,3586.2,1.625,524.146
FCNCA,2020,Mar. 31,454.2,350.1,74.1,369.6,29241.0,57.2,338.4,29031.7,64.0,3632.9,16.9,41594.5,37636.9,3957.5,0.125,328.073
FCNCA,2020,Jun. 30,389.2,350.3,190.6,363.3,32418.4,153.8,337.4,32196.0,165.4,3651.2,36.8,47866.2,43874.8,3991.4,0.125,399.662
FCNCA,2020,Sep. 30,352.4,350.3,178.5,374.3,32845.1,142.7,353.7,32621.2,120.6,3738.4,35.8,48666.9,44592.5,4074.4,0.125,314.89
FCNCA,2020,Dec. 31,362.0,350.3,174.7,376.8,32792.0,138.0,358.7,32567.7,126.8,3867.3,36.7,49957.7,45728.4,4229.3,0.125,567.884
FCNCA,2021,Mar. 31,410.5,350.3,191.0,355.0,33180.9,147.0,340.0,32970.2,137.0,4005.3,44.0,53908.6,49587.2,4321.4,0.125,827.119
FCNCA,2021,Jun. 30,395.4,350.3,198.6,361.8,32689.7,152.8,346.4,32500.6,134.2,4148.9,45.8,55175.3,50698.8,4476.5,0.125,825.058
FCNCA,2021,Sep. 30,337.4,350.3,158.0,363.0,32516.2,124.0,347.0,32333.0,124.0,4263.7,34.0,56902.0,52320.7,4581.3,0.125,835.888
FCNCA,2021,Dec. 31,338.0,346.0,153.4,371.2,32372.0,123.2,356.6,32194.0,112.8,4378.0,30.2,58309.0,53571.0,4738.0,0.125,823.128
FCNCA,2022,Mar. 31,523.0,346.0,225.0,710.0,65524.0,271.0,649.0,64676.0,850.0,4634.0,-46.0,108597.0,98027.0,10570.0,0.375,660.634
FCNCA,2022,Jun. 30,583.0,346.0,337.0,757.0,67735.0,255.0,700.0,66885.0,424.0,4865.0,82.0,107673.0,97031.0,10642.0,1.625,649.349
FCNCA,2022,Sep. 30,481.0,346.0,408.0,906.0,69790.0,315.0,795.0,68908.0,433.0,5160.0,93.0,109310.0,99477.0,9833.0,3.125,792.484
FCNCA,2022,Dec. 31,518.0,346.0,392.0,1040.0,70781.0,257.0,802.0,69859.0,429.0,5392.0,135.0,109298.0,99636.0,9662.0,4.375,754.368
FCNCA,2023,Mar. 31,1598.0,346.0,9471.0,1211.0,138288.0,9518.0,850.0,136683.0,10259.0,14885.0,-47.0,214658.0,195442.0,19216.0,4.875,968.96
FCNCA,2023,Jun. 30,917.0,346.0,896.0,2953.0,133015.0,682.0,1961.0,131378.0,658.0,15541.0,214.0,209502.0,189731.0,19771.0,5.125,1278.743
FCNCA,2023,Sep. 30,791.0,346.0,997.0,3110.0,133202.0,752.0,1990.0,131529.0,615.0,16267.0,245.0,213765.0,193376.0,20389.0,5.375,1375.78
FCNCA,2023,Dec. 31,908.0,346.0,713.0,3117.0,133302.0,514.0,1911.0,131555.0,543.0,16742.0,199.0,213758.0,192503.0,21255.0,5.375,1416.159
FCNCA,2024,Mar. 31,698.0,346.0,1004.0,3084.0,135370.0,731.0,1817.0,133633.0,627.0,17435.0,273.0,217836.0,195988.0,21848.0,5.375,1633.446
FITB,2018,Mar. 31,2038.0,2462.0,836.0,1206.0,91970.0,704.0,996.0,90832.0,909.0,15707.0,132.0,141500.0,125296.0,16204.0,1.625,24.809
FITB,2018,Jun. 30,2052.0,2462.0,748.0,1269.0,91932.0,602.0,1020.0,90855.0,743.0,16143.0,146.0,140695.0,124443.0,16252.0,1.875,22.541
FITB,2018,Sep. 30,2100.0,2462.0,512.0,1315.0,93443.0,433.0,1043.0,92352.0,563.0,16440.0,79.0,141685.0,125835.0,15850.0,2.125,22.065
FITB,2018,Dec. 31,2681.0,2478.0,669.0,1393.0,95265.0,454.0,1081.0,94162.0,575.0,16578.0,215.0,146069.0,129819.0,16250.0,2.375,18.714
FITB,2019,Mar. 31,2749.0,4321.0,996.0,1433.0,109842.0,775.0,1082.0,108727.0,1101.0,17184.0,221.0,167853.0,148009.0,19844.0,2.375,20.248
FITB,2019,Jun. 30,2764.0,4284.0,577.0,1636.0,109283.0,453.0,1245.0,108168.0,660.0,17431.0,124.0,168802.0,148131.0,20671.0,2.375,22.599
FITB,2019,Sep. 30,3261.0,4290.0,689.0,1625.0,109409.0,549.0,1242.0,108266.0,740.0,17786.0,140.0,171079.0,149675.0,21404.0,1.875,22.374
FITB,2019,Dec. 31,3278.0,4252.0,940.0,1560.0,109558.0,735.0,1228.0,108356.0,1035.0,18315.0,205.0,169369.0,148166.0,21203.0,1.625,25.342
FITB,2020,Mar. 31,3282.0,4261.0,60.0,1525.0,118037.0,46.0,1229.0,115689.0,671.0,17677.0,14.0,185391.0,163518.0,21873.0,0.125,12.338
FITB,2020,Jun. 30,3221.0,4261.0,244.0,1403.0,115053.0,195.0,1200.0,112357.0,650.0,17643.0,49.0,202906.0,180571.0,22335.0,0.125,16.275
FITB,2020,Sep. 30,2996.0,4261.0,746.0,1329.0,110731.0,581.0,1170.0,108157.0,722.0,18010.0,165.0,201996.0,179045.0,22951.0,0.125,18.26
FITB,2020,Dec. 31,3147.0,4258.0,747.0,1315.0,108782.0,605.0,1183.0,106329.0,787.0,18384.0,142.0,204680.0,181569.0,23111.0,0.125,23.916
FITB,2021,Mar. 31,3122.0,4259.0,883.0,1302.0,108855.0,694.0,1176.0,106647.0,749.0,18863.0,189.0,206899.0,184304.0,22595.0,0.125,32.811
FITB,2021,Jun. 30,3285.0,4259.0,911.0,1323.0,107733.0,709.0,1208.0,105700.0,741.0,19343.0,202.0,205390.0,182464.0,22926.0,0.125,33.74
FITB,2021,Sep. 30,3213.0,4514.0,895.0,1292.0,107911.0,704.0,1189.0,105957.0,836.0,19817.0,191.0,207731.0,185207.0,22524.0,0.125,37.718
FITB,2021,Dec. 31,2994.0,4514.0,828.0,1294.0,112050.0,663.0,1197.0,110158.0,792.0,20236.0,165.0,211116.0,188906.0,22210.0,0.125,38.973
FITB,2022,Mar. 31,3049.0,4514.0,612.0,1289.0,115865.0,494.0,1195.0,113957.0,684.0,20501.0,118.0,211459.0,191282.0,20177.0,0.375,38.782
FITB,2022,Jun. 30,3437.0,4926.0,724.0,1464.0,118823.0,562.0,1339.0,116809.0,676.0,20818.0,162.0,206782.0,187812.0,18970.0,1.625,30.474
FITB,2022,Sep. 30,3068.0,4925.0,845.0,1760.0,119999.0,653.0,1498.0,117900.0,672.0,21219.0,192.0,205463.0,188727.0,16736.0,3.125,29.238
FITB,2022,Dec. 31,3466.0,4915.0,912.0,2074.0,121480.0,737.0,1577.0,119286.0,734.0,21689.0,175.0,207452.0,190125.0,17327.0,4.375,30.323
FITB,2023,Mar. 31,2780.0,4915.0,718.0,2213.0,122857.0,558.0,1517.0,120642.0,696.0,22032.0,160.0,208657.0,190293.0,18364.0,4.875,24.872
FITB,2023,Jun. 30,2594.0,4919.0,775.0,2370.0,121891.0,601.0,1457.0,119564.0,726.0,22366.0,174.0,207276.0,189467.0,17809.0,5.125,24.773
FITB,2023,Sep. 30,2837.0,4919.0,846.0,2529.0,120088.0,660.0,1438.0,117748.0,715.0,22747.0,186.0,212967.0,196423.0,16544.0,5.375,24.245
FITB,2023,Dec. 31,3142.0,4919.0,649.0,2648.0,117234.0,530.0,1415.0,114912.0,744.0,22997.0,119.0,214574.0,195402.0,19172.0,5.375,33.484
FITB,2024,Mar. 31,2796.0,4918.0,658.0,2608.0,116485.0,520.0,1384.0,114167.0,710.0,23224.0,138.0,214506.0,195488.0,19018.0,5.375,36.489
GNTY,2018,Mar. 31,33.0,18.7,5.3,19.0,1390.4,4.4,15.4,1388.9,3.7,69.3,0.9,1997.9,1790.5,207.4,1.625,28.169
GNTY,2018,Jun. 30,37.9,32.0,5.7,21.0,1582.1,4.6,16.5,1580.4,3.9,72.3,1.0,2244.6,2005.0,239.7,1.875,27.974
GNTY,2018,Sep. 30,38.5,32.2,6.3,23.7,1638.9,5.1,18.2,1638.1,3.5,75.6,1.2,2242.6,2000.6,242.0,2.125,25.776
GNTY,2018,Dec. 31,44.5,32.2,7.9,24.8,1647.2,6.5,18.8,1645.4,4.2,80.1,1.5,2267.0,2022.4,244.6,2.375,25.549
GNTY,2019,Mar. 31,40.9,32.2,6.5,25.3,1642.2,5.3,19.0,1641.0,3.6,83.4,1.2,2309.0,2058.7,250.3,2.375,25.18
GNTY,2019,Jun. 30,34.8,32.2,7.4,25.6,1682.8,6.0,19.3,1678.7,4.1,87.5,1.4,2332.6,2082.5,250.1,2.375,27.011
GNTY,2019,Sep. 30,42.1,32.2,9.2,25.9,1724.4,7.5,20.1,1720.6,4.6,92.9,1.6,2326.0,2070.1,255.9,1.875,26.673
GNTY,2019,Dec. 31,39.9,32.2,9.0,25.8,1693.2,7.5,20.5,1690.8,4.7,98.2,1.6,2318.4,2056.9,261.6,1.625,28.841
GNTY,2020,Mar. 31,40.4,32.2,7.7,25.3,1700.9,6.3,20.6,1696.9,5.0,98.8,1.4,2391.0,2137.3,253.6,0.125,20.408
GNTY,2020,Jun. 30,35.5,32.2,0.9,26.6,1926.4,1.1,23.2,1919.2,5.0,97.8,-0.2,2667.2,2408.3,258.9,0.125,22.99
GNTY,2020,Sep. 30,35.7,32.2,12.5,25.0,1930.3,10.1,22.3,1921.2,6.7,105.7,2.4,2662.7,2395.8,266.9,0.125,22.289
GNTY,2020,Dec. 31,47.8,32.2,12.2,26.1,1837.2,9.9,23.9,1831.7,6.3,113.4,2.3,2740.8,2468.2,272.6,0.125,27.051
GNTY,2021,Mar. 31,38.5,32.2,13.3,26.5,1881.7,11.0,24.5,1877.0,6.1,86.1,2.3,2891.3,2611.2,280.1,0.125,33.411
GNTY,2021,Jun. 30,37.6,32.2,12.7,25.3,1861.4,10.4,23.5,1856.3,6.0,94.1,2.3,2933.0,2645.2,287.7,0.125,31.158
GNTY,2021,Sep. 30,34.7,32.2,11.4,25.2,1940.2,9.3,23.6,1938.3,6.4,100.9,2.2,2968.3,2670.9,297.4,0.125,32.968
GNTY,2021,Dec. 31,43.0,32.2,11.2,25.5,1880.2,9.1,24.0,1876.1,6.1,107.6,2.0,3086.1,2783.9,302.2,0.125,34.766
GNTY,2022,Mar. 31,58.8,32.2,13.0,25.9,1984.6,10.7,24.3,1983.4,6.5,115.7,2.2,3189.8,2897.9,291.9,0.375,32.556
GNTY,2022,Jun. 30,56.5,32.2,13.2,29.1,2110.5,10.8,26.9,2107.7,6.1,123.9,2.5,3280.9,2998.1,282.8,1.625,33.926
GNTY,2022,Sep. 30,48.0,32.2,13.3,32.5,2237.5,10.9,28.3,2234.8,5.8,132.2,2.4,3390.3,3101.6,288.7,3.125,32.57
GNTY,2022,Dec. 31,52.4,32.2,9.8,35.7,2347.4,8.0,28.3,2344.2,5.1,137.6,1.7,3351.5,3055.9,295.6,4.375,32.823
GNTY,2023,Mar. 31,59.0,32.2,10.1,37.1,2345.5,8.3,25.2,2344.2,4.9,143.1,1.8,3356.3,3056.0,300.3,4.875,26.576
GNTY,2023,Jun. 30,47.7,32.2,12.1,38.7,2301.7,9.6,24.7,2300.9,7.9,150.0,2.5,3206.2,2908.8,297.4,5.125,26.036
GNTY,2023,Sep. 30,47.9,32.2,7.7,39.8,2288.7,6.3,23.3,2286.2,4.9,153.7,1.4,3230.4,2933.6,296.8,5.375,27.819
GNTY,2023,Dec. 31,47.7,32.2,7.2,40.9,2291.9,5.8,23.8,2290.9,4.8,156.9,1.4,3184.8,2880.9,303.8,5.375,32.869
GNTY,2024,Mar. 31,43.9,32.2,8.4,40.8,2234.9,6.7,23.6,2234.0,5.3,160.8,1.7,3127.4,2821.5,305.9,5.375,29.885
HTBK,2018,Mar. 31,30.5,45.7,26.3,26.3,1591.2,8.8,25.8,1571.1,2.2,66.7,12.0,2785.5,2514.6,271.0,1.625,12.173
HTBK,2018,Jun. 30,46.3,84.4,30.2,30.2,1956.6,0.9,23.0,1930.0,2.8,62.9,0.9,3123.2,2776.9,346.3,1.875,12.632
HTBK,2018,Sep. 30,40.8,83.8,32.5,32.5,1899.4,12.4,32.9,1872.0,2.2,70.5,17.4,3192.9,2839.3,353.6,2.125,11.176
HTBK,2018,Dec. 31,30.3,83.8,33.0,33.0,1886.4,13.2,32.9,1858.6,2.4,79.0,18.4,3096.6,2729.1,367.5,2.375,8.558
HTBK,2019,Mar. 31,38.7,83.8,31.0,31.0,1848.3,12.1,32.1,1821.0,2.5,86.0,16.7,3115.9,2737.4,378.5,2.375,9.214
HTBK,2019,Jun. 30,36.3,83.8,30.9,30.9,1877.8,11.4,31.7,1851.1,2.8,92.1,16.0,3108.0,2719.9,388.1,2.375,9.419
HTBK,2019,Sep. 30,48.1,83.8,30.6,30.6,1875.4,11.3,31.2,1849.5,2.6,98.2,15.9,3182.5,2787.1,395.3,1.875,9.137
HTBK,2019,Dec. 31,49.4,167.4,39.3,39.3,2533.8,5.7,36.0,2510.6,2.3,96.7,7.7,4109.5,3532.8,576.7,1.625,10.065
HTBK,2020,Mar. 31,37.0,167.4,38.6,38.6,2553.9,1.9,25.3,2509.2,3.2,84.8,2.7,4078.2,3506.7,571.4,0.125,6.084
HTBK,2020,Jun. 30,40.1,167.6,34.9,34.9,2686.4,10.6,33.8,2640.9,2.1,87.7,14.9,4614.4,4039.6,574.8,0.125,6.054
HTBK,2020,Sep. 30,33.4,167.6,34.2,34.2,2697.0,11.2,34.0,2651.6,2.6,91.1,15.4,4606.8,4029.0,577.8,0.125,5.474
HTBK,2020,Dec. 31,30.6,167.6,34.2,34.2,2619.3,11.6,35.6,2574.9,2.0,94.9,16.1,4634.1,4056.2,577.9,0.125,7.426
HTBK,2021,Mar. 31,36.5,167.6,35.0,35.0,2704.7,11.2,36.5,2660.4,2.3,98.3,15.5,5001.4,4419.7,581.7,0.125,10.374
HTBK,2021,Jun. 30,41.9,167.6,34.9,34.9,2824.8,8.8,35.4,2780.8,2.2,99.3,11.8,5072.9,4489.4,583.4,0.125,9.551
HTBK,2021,Sep. 30,33.0,167.6,38.2,38.2,2832.9,13.7,38.7,2789.2,2.4,105.2,19.3,5463.0,4872.9,590.1,0.125,10.092
HTBK,2021,Dec. 31,15.7,167.6,38.0,38.0,3087.3,14.0,38.7,3044.0,2.8,111.3,19.3,5499.4,4901.4,598.0,0.125,10.472
HTBK,2022,Mar. 31,29.7,167.6,38.2,38.2,3024.1,12.9,38.8,2981.3,2.5,116.3,18.0,5427.4,4826.3,601.1,0.375,9.97
HTBK,2022,Jun. 30,35.8,167.6,41.9,41.9,3082.5,14.8,42.1,3037.0,2.1,123.3,21.0,5356.8,4749.6,607.2,1.625,9.586
HTBK,2022,Sep. 30,40.5,167.6,48.0,48.0,3216.5,18.1,47.0,3169.6,2.8,133.5,25.9,5431.3,4821.7,609.5,3.125,10.282
HTBK,2022,Dec. 31,27.6,167.6,51.8,51.8,3298.6,20.8,51.2,3251.0,2.7,146.4,29.5,5157.6,4525.1,632.5,4.375,11.895
HTBK,2023,Mar. 31,41.3,167.6,49.3,49.3,3261.9,18.9,49.2,3214.6,2.8,157.4,26.6,5536.5,4889.3,647.2,4.875,7.702
HTBK,2023,Jun. 30,42.6,167.6,46.3,46.3,3288.8,16.4,46.0,3241.0,2.1,165.9,23.1,5311.8,4658.2,653.7,5.125,7.796
HTBK,2023,Sep. 30,40.1,167.6,45.4,45.4,3285.5,15.8,45.2,3237.8,2.2,173.7,22.2,5403.3,4741.4,661.9,5.375,8.085
HTBK,2023,Dec. 31,41.6,167.6,42.2,42.2,3350.4,13.3,42.1,3302.4,1.9,179.1,18.5,5194.1,4521.2,672.9,5.375,9.612
HTBK,2024,Mar. 31,32.5,167.6,40.1,40.1,3336.1,10.2,39.9,3288.2,2.0,181.3,14.4,5256.1,4579.8,676.3,5.375,8.446
HWC,2018,Mar. 31,253.9,745.5,88.9,241.4,21.8,72.5,205.7,18881.8,66.3,1060.2,88.9,27297.3,24401.3,2896.0,1.625,43.169
HWC,2018,Jun. 30,355.1,745.5,87.1,252.3,36.0,71.2,211.5,19156.4,68.8,1110.5,87.1,27925.4,24995.9,2929.6,1.875,39.134
HWC,2018,Sep. 30,339.6,791.2,101.7,263.2,29.0,83.9,214.2,19329.2,75.5,1170.9,101.7,28098.2,25119.3,2978.9,2.125,40.077
HWC,2018,Dec. 31,383.4,791.0,104.4,271.4,28.1,96.2,217.4,19831.9,74.5,1243.6,104.4,28235.9,25154.6,3081.3,2.375,29.358
HWC,2019,Mar. 31,360.2,792.1,96.0,276.3,27.4,79.2,219.3,19918.2,70.5,1299.2,96.0,28490.2,25299.7,3190.6,2.375,34.46
HWC,2019,Jun. 30,365.2,792.1,107.5,280.4,36.1,88.3,219.9,19980.2,79.2,1363.9,107.5,28761.9,25442.9,3318.9,2.375,34.38
HWC,2019,Sep. 30,468.1,861.3,80.2,283.2,75.8,67.8,222.9,20840.4,83.2,1408.2,80.2,30543.5,26957.2,3586.4,1.875,33.101
HWC,2019,Dec. 31,432.1,855.5,109.0,285.9,55.9,92.1,233.1,21021.5,83.0,1476.2,109.0,30600.8,27133.1,3467.7,1.625,38.225
HWC,2020,Mar. 31,476.8,855.5,-134.6,277.3,67.6,-111.0,231.2,21089.7,84.4,1297.1,-134.6,31761.7,28340.6,3421.1,0.125,17.119
HWC,2020,Jun. 30,535.2,855.5,-191.6,266.3,364.4,-117.1,237.9,22185.7,73.9,1156.3,-191.6,33215.4,29899.2,3316.2,0.125,18.744
HWC,2020,Sep. 30,484.3,855.5,98.2,257.0,103.6,79.4,235.2,21791.5,83.7,1211.9,98.2,33193.3,29817.7,3375.6,0.125,16.823
HWC,2020,Dec. 31,526.3,855.5,103.3,257.4,136.1,103.5,238.2,21339.8,82.4,1291.5,103.3,33638.6,30199.6,3439.0,0.125,30.843
HWC,2021,Mar. 31,508.7,855.5,133.5,250.8,124.7,107.2,234.6,21240.5,87.1,1374.7,133.5,35072.6,31655.7,3416.9,0.125,38.439
HWC,2021,Jun. 30,501.6,855.5,109.4,248.3,90.0,88.7,234.6,20748.9,94.3,1439.6,109.4,35098.7,31535.8,3562.9,0.125,40.943
HWC,2021,Sep. 30,527.9,855.5,160.3,244.4,90.6,129.6,234.7,20514.5,93.4,1545.2,160.3,35318.3,31688.5,3629.8,0.125,43.65
HWC,2021,Dec. 31,401.2,855.5,164.9,238.8,93.1,137.7,229.3,20792.2,89.5,1659.1,164.9,36531.2,32860.9,3670.4,0.125,46.615
HWC,2022,Mar. 31,703.4,855.5,154.5,236.8,59.9,123.5,228.5,21005.5,83.4,1758.7,154.5,36317.3,32866.3,3451.0,0.375,48.87
HWC,2022,Jun. 30,698.3,855.5,154.0,254.9,44.3,121.4,245.7,21537.9,85.7,1856.5,154.0,34637.5,31287.8,3349.7,1.625,41.743
HWC,2022,Sep. 30,589.6,855.5,170.7,299.7,33.0,135.4,280.3,22279.5,85.3,1968.3,170.7,34567.2,31386.8,3180.4,3.125,43.368
HWC,2022,Dec. 31,564.5,855.5,180.0,345.7,26.4,143.8,295.5,22806.3,77.1,2088.4,180.0,35183.8,31841.2,3342.6,4.375,46.068
HWC,2023,Mar. 31,594.4,855.5,158.4,372.6,23.4,126.5,285.0,23095.1,80.3,2188.6,158.4,37547.1,34015.9,3531.2,4.875,34.825
HWC,2023,Jun. 30,563.7,855.5,147.4,405.3,55.9,117.8,273.9,23475.4,83.2,2280.0,147.4,36210.1,32655.7,3554.5,5.125,36.95
HWC,2023,Sep. 30,541.4,855.5,122.0,415.8,15.9,97.7,269.2,23677.4,86.0,2351.4,122.0,36298.3,32797.3,3501.0,5.375,35.894
HWC,2023,Dec. 31,561.2,855.5,62.3,426.8,26.1,50.6,269.5,23614.0,39.0,2375.6,62.3,35578.6,31774.9,3803.7,5.375,47.495
HWC,2024,Mar. 31,414.3,855.5,133.3,421.7,16.5,108.6,266.2,23657.2,87.9,2457.7,133.3,35247.1,31393.7,3853.4,5.375,45.316
ISTR,2018,Mar. 31,13.4,20.1,14.3,13.9,1273.0,2.4,13.9,1264.8,1.1,35.8,3.7,1644.2,1470.8,173.4,1.625,23.156
ISTR,2018,Jun. 30,21.3,20.0,14.9,14.3,1300.3,3.8,14.3,1291.9,1.2,39.3,4.8,1697.5,1520.2,177.2,1.875,24.802
ISTR,2018,Sep. 30,21.2,19.9,14.8,14.4,1358.4,4.0,14.4,1349.4,1.2,42.9,4.6,1735.3,1556.9,178.4,2.125,24.118
ISTR,2018,Dec. 31,15.9,19.8,15.1,14.8,1400.8,3.4,14.8,1391.4,0.8,45.7,4.1,1786.5,1604.2,182.3,2.375,22.315
ISTR,2019,Mar. 31,22.5,27.1,16.2,15.2,1494.9,3.9,15.2,1485.3,1.3,49.1,4.9,1961.9,1758.9,203.0,2.375,20.476
ISTR,2019,Jun. 30,30.4,26.4,17.7,16.3,1543.3,4.9,16.3,1533.4,1.7,53.5,6.2,1996.6,1791.1,205.5,2.375,21.554
ISTR,2019,Sep. 30,26.4,26.1,17.4,16.4,1586.3,4.7,16.4,1576.0,1.6,57.5,5.8,2018.0,1807.6,210.5,1.875,21.559
ISTR,2019,Dec. 31,23.8,31.0,17.8,16.9,1494.9,3.3,16.9,1485.3,1.6,60.2,4.1,2148.9,1906.9,242.0,1.625,21.795
ISTR,2020,Mar. 31,26.6,32.2,14.7,17.3,1729.8,0.6,17.3,1715.6,1.1,60.1,0.8,2199.4,1966.1,233.3,0.125,11.626
ISTR,2020,Jun. 30,31.7,32.7,19.8,18.3,1813.9,4.3,18.3,1797.3,3.9,63.8,5.3,2359.4,2122.7,236.7,0.125,13.266
ISTR,2020,Sep. 30,32.9,32.5,19.6,18.7,1829.7,4.5,18.7,1810.6,3.4,67.5,5.6,2323.2,2086.0,237.3,0.125,11.776
ISTR,2020,Dec. 31,25.7,32.2,20.4,19.2,1691.0,4.5,19.2,1681.3,3.7,71.4,5.6,2321.2,2077.9,243.3,0.125,15.27
ISTR,2021,Mar. 31,30.0,32.0,21.6,19.6,1846.0,5.4,19.6,1825.5,2.4,76.0,6.8,2408.0,2159.7,248.3,0.125,19.045
ISTR,2021,Jun. 30,36.8,44.0,25.1,21.2,1947.8,5.7,21.2,1927.4,4.1,80.9,7.2,2672.9,2422.2,250.7,0.125,21.285
ISTR,2021,Sep. 30,45.4,44.3,3.7,21.5,1880.7,-10.0,21.5,1860.1,3.9,70.1,-12.6,2696.0,2459.7,236.3,0.125,20.549
ISTR,2021,Dec. 31,38.6,44.0,22.6,21.5,1860.3,6.9,21.5,1840.0,1.6,76.2,8.5,2513.2,2270.6,242.6,0.125,17.243
ISTR,2022,Mar. 31,45.7,43.8,28.1,21.8,1877.4,10.1,21.8,1856.4,5.9,85.4,12.7,2572.7,2339.1,233.7,0.375,17.958
ISTR,2022,Jun. 30,31.6,43.6,27.4,22.0,1916.4,9.4,22.0,1894.4,6.4,93.9,11.9,2590.6,2371.2,219.4,1.625,20.694
ISTR,2022,Sep. 30,31.7,43.4,25.0,23.5,2005.7,7.3,23.5,1982.5,2.7,100.2,9.0,2661.7,2456.0,205.7,3.125,18.882
ISTR,2022,Dec. 31,30.1,43.1,24.7,22.5,2104.8,8.9,22.5,2080.4,3.4,108.2,10.7,2753.8,2538.0,215.8,4.375,20.526
ISTR,2023,Mar. 31,30.6,42.9,20.9,20.2,2109.0,3.8,20.2,2078.5,1.1,106.8,4.7,2751.7,2533.2,218.5,4.875,13.368
ISTR,2023,Jun. 30,34.7,42.7,23.3,18.4,2084.9,6.5,18.4,2054.8,2.1,112.3,8.1,2753.7,2535.3,218.4,5.125,11.671
ISTR,2023,Sep. 30,27.1,42.5,19.1,17.5,2103.0,2.8,17.5,2073.2,1.6,114.1,3.4,2789.5,2580.8,208.7,5.375,10.292
ISTR,2023,Dec. 31,28.3,42.3,19.8,18.4,2210.6,3.6,18.4,2180.1,1.7,116.7,4.2,2815.2,2588.4,226.8,5.375,14.625
ISTR,2024,Mar. 31,18.1,42.2,21.4,17.2,2180.6,4.7,17.2,2151.5,2.7,120.4,6.1,2787.7,2560.7,227.0,5.375,16.155
MBWM,2018,Mar. 31,47.3,49.5,13.4,35.0,2551.2,10.9,30.2,2531.2,4.4,68.2,13.4,3293.9,2925.6,368.3,1.625,25.476
MBWM,2018,Jun. 30,56.3,49.5,11.7,34.3,2636.9,9.4,29.2,2615.7,4.5,74.1,11.7,3288.5,2913.6,374.9,1.875,28.493
MBWM,2018,Sep. 30,51.8,49.5,12.5,35.5,2697.4,10.1,29.8,2675.7,4.7,80.3,12.5,3300.1,2920.6,379.5,2.125,25.877
MBWM,2018,Dec. 31,64.9,49.5,14.2,37.2,2753.1,11.6,30.9,2730.7,5.4,75.5,14.2,3363.9,2988.7,375.2,2.375,22.067
MBWM,2019,Mar. 31,46.3,49.5,14.6,38.6,2799.6,11.8,30.6,2776.5,6.6,83.1,14.6,3551.8,3168.0,383.7,2.375,26.44
MBWM,2019,Jun. 30,57.7,49.5,14.5,39.8,2881.5,11.7,31.1,2857.4,6.3,90.6,14.5,3576.1,3176.0,400.1,2.375,26.531
MBWM,2019,Sep. 30,84.3,49.5,15.6,40.3,2933.0,12.6,31.6,2908.6,6.7,98.9,15.6,3710.4,3303.2,407.2,1.875,26.931
MBWM,2019,Dec. 31,53.3,49.5,15.8,39.6,2856.7,13.4,31.2,2832.8,7.4,107.8,15.8,3632.9,3216.4,416.6,1.625,30.212
MBWM,2020,Mar. 31,49.8,49.5,13.2,37.9,2901.5,10.7,30.3,2876.7,6.5,114.0,13.2,3657.4,3239.0,418.4,0.125,17.674
MBWM,2020,Jun. 30,84.5,49.5,10.7,37.2,3333.1,8.7,30.6,3300.8,11.0,118.2,10.7,4314.4,3889.2,425.2,0.125,19.049
MBWM,2020,Sep. 30,59.3,49.5,13.2,35.6,3350.5,10.7,29.5,3315.0,13.3,124.5,13.2,4420.6,3988.7,431.9,0.125,15.37
MBWM,2020,Dec. 31,62.8,49.5,17.7,37.6,3193.5,14.0,31.8,3155.5,14.4,134.0,17.7,4437.3,3995.8,441.6,0.125,23.475
MBWM,2021,Mar. 31,55.5,49.5,17.6,34.8,3364.4,14.2,29.5,3325.7,13.5,143.6,17.6,4710.4,4269.1,441.2,0.125,28.367
MBWM,2021,Jun. 30,75.9,49.5,22.3,35.8,3248.8,18.1,30.9,3212.9,14.6,157.2,22.3,4757.4,4305.5,451.9,0.125,26.632
MBWM,2021,Sep. 30,83.8,49.5,18.6,35.9,3313.7,15.1,31.1,3276.3,15.6,167.5,18.6,4964.4,4512.1,452.3,0.125,28.5
MBWM,2021,Dec. 31,59.4,49.5,15.2,37.0,3453.5,11.6,32.6,3418.1,12.5,174.5,15.2,5257.7,4801.2,456.6,0.125,31.471
MBWM,2022,Mar. 31,71.5,49.5,14.3,35.9,3555.8,11.5,30.9,3520.6,9.3,181.5,14.3,5175.9,4739.4,436.5,0.375,32.11
MBWM,2022,Jun. 30,89.2,49.5,14.6,39.5,3723.8,11.7,34.3,3687.8,7.7,188.5,14.6,5058.6,4629.6,429.0,1.625,29.206
MBWM,2022,Sep. 30,63.1,49.5,20.0,48.1,3881.0,16.0,42.4,3841.8,7.3,199.5,20.0,5016.9,4600.7,416.3,3.125,27.418
MBWM,2022,Dec. 31,61.9,49.5,26.9,58.3,3916.6,21.9,50.6,3874.4,7.8,216.3,26.9,4872.6,4431.2,441.4,4.375,31.199
MBWM,2023,Mar. 31,47.2,49.5,26.1,60.5,3965.5,21.0,48.4,3922.7,7.0,232.1,26.1,4895.9,4428.5,467.4,4.875,28.761
MBWM,2023,Jun. 30,69.1,49.5,25.4,65.9,4051.8,20.4,47.6,4007.1,7.6,247.3,25.4,5137.6,4658.9,478.7,5.125,26.226
MBWM,2023,Sep. 30,64.6,49.5,26.0,71.2,4104.4,20.9,49.0,4056.4,9.2,262.8,26.0,5251.0,4767.8,483.2,5.375,30.032
MBWM,2023,Dec. 31,70.4,49.5,25.2,73.8,4303.8,19.9,48.5,4253.8,8.3,277.5,25.2,5353.2,4831.1,522.1,5.375,39.617
MBWM,2024,Mar. 31,52.6,49.5,27.0,76.7,4322.0,21.6,47.4,4270.4,10.9,293.6,27.0,5466.0,4929.3,536.6,5.375,38.128
MCB,2018,Mar. 31,370.9,9.7,9.1,18.6,1526.2,9.1,16.5,1509.9,5.4,32.2,9.1,1968.9,1725.8,243.0,1.625,42.11
MCB,2018,Jun. 30,10.1,9.7,8.5,20.0,1599.6,8.5,17.4,1582.2,2.6,38.0,8.5,1924.5,1674.9,249.6,1.875,52.48
MCB,2018,Sep. 30,6.2,9.7,10.5,21.9,1698.9,10.5,18.4,1680.4,2.0,45.1,10.5,1930.7,1673.4,257.3,2.125,41.12
MCB,2018,Dec. 31,9.2,9.7,8.7,23.4,1865.2,8.7,18.9,1846.3,2.2,51.4,8.7,2182.6,1918.1,264.5,2.375,30.85
MCB,2019,Mar. 31,9.4,9.7,12.3,27.0,2102.4,12.3,20.9,2081.6,2.4,59.8,12.3,2545.2,2271.4,273.8,2.375,34.79
MCB,2019,Jun. 30,9.1,9.7,8.9,30.8,2335.6,8.9,22.9,2312.9,2.7,65.8,8.9,2960.6,2679.3,281.3,2.375,44.0
MCB,2019,Sep. 30,11.3,9.7,11.3,35.5,2496.7,11.3,26.1,2472.3,2.7,73.5,11.3,3243.2,2952.2,291.0,1.875,39.33
MCB,2019,Dec. 31,10.2,9.7,11.6,36.5,2672.9,11.6,27.7,2646.7,2.8,81.4,11.6,3357.6,3058.4,299.1,1.625,48.23
MCB,2020,Mar. 31,12.5,9.7,9.0,36.1,2766.1,9.0,29.0,2735.2,4.3,87.5,9.0,3612.0,3303.5,308.5,0.125,26.93
MCB,2020,Jun. 30,9.5,9.7,15.8,34.2,2892.3,15.8,30.2,2859.8,5.7,98.3,15.8,3970.4,3653.3,317.2,0.125,32.08
MCB,2020,Sep. 30,9.0,9.7,15.9,35.9,2989.6,15.9,32.3,2955.9,3.6,109.1,15.9,4001.8,3673.2,328.6,0.125,28.0
MCB,2020,Dec. 31,8.7,9.7,17.2,36.9,3137.1,17.2,33.4,3101.6,3.4,120.8,17.2,4330.8,3990.0,340.8,0.125,36.27
MCB,2021,Mar. 31,9.4,9.7,17.7,38.1,3237.7,17.7,34.4,3202.2,4.6,132.9,17.7,4922.8,4574.6,348.2,0.125,50.36
MCB,2021,Jun. 30,29.7,9.7,19.6,41.0,3449.5,19.6,37.0,3412.1,6.2,146.3,19.6,5787.2,5423.6,363.6,0.125,60.22
MCB,2021,Sep. 30,32.7,9.7,24.2,45.0,3603.3,24.2,40.8,3565.2,5.9,162.5,24.2,6141.3,5598.6,542.7,0.125,84.3
MCB,2021,Dec. 31,28.9,9.7,28.1,49.2,3731.9,28.1,44.8,3697.2,7.0,181.4,28.1,7116.4,6559.4,557.0,0.125,106.53
MCB,2022,Mar. 31,32.5,9.7,26.0,51.0,4121.4,26.0,46.6,4083.3,7.4,200.4,26.0,6626.9,6066.9,560.0,0.375,101.77
MCB,2022,Jun. 30,33.1,9.7,33.6,59.2,4375.2,33.6,55.3,4334.6,7.0,223.6,33.6,6867.0,6292.7,574.3,1.625,69.42
MCB,2022,Sep. 30,28.9,9.7,35.9,70.1,4617.3,35.9,63.3,4574.8,5.8,248.6,35.9,6422.1,5839.8,582.2,3.125,64.36
MCB,2022,Dec. 31,26.8,9.7,1.4,80.4,4840.5,1.4,64.0,4795.6,6.4,240.8,1.4,6267.3,5691.4,575.9,4.375,58.67
MCB,2023,Mar. 31,32.5,9.7,33.8,83.3,4851.7,33.8,58.5,4803.9,7.0,263.8,33.8,6310.0,5702.1,607.9,4.875,33.89
MCB,2023,Jun. 30,33.5,9.7,24.9,89.0,5149.5,24.9,53.8,5097.9,7.9,279.3,24.9,6522.1,5900.9,621.3,5.125,34.73
MCB,2023,Sep. 30,36.4,9.7,28.4,97.9,5354.4,28.4,53.6,5302.2,6.5,301.4,28.4,6683.4,6048.4,634.9,5.375,36.28
MCB,2023,Dec. 31,32.0,9.7,19.8,105.2,5624.8,19.8,56.9,5566.8,6.5,316.0,19.8,7067.7,6408.7,659.0,5.375,55.38
MCB,2024,Mar. 31,34.0,9.7,24.3,112.3,5719.2,24.3,59.7,5660.7,7.0,332.2,24.3,7453.4,6779.8,673.5,5.375,38.5
RBCAA,2018,Mar. 31,362.1,16.3,34.9,73.8,4052.5,27.5,67.7,4000.2,27.5,510.1,34.9,5078.3,4425.1,653.3,1.625,31.763
RBCAA,2018,Jun. 30,387.0,16.3,19.8,58.4,4196.0,15.7,51.1,4150.9,14.3,520.8,19.8,5265.9,4601.9,664.0,1.875,37.799
RBCAA,2018,Sep. 30,365.5,16.3,19.2,61.1,4136.2,17.4,53.0,4092.4,11.5,533.2,19.2,5222.4,4545.5,676.8,2.125,38.674
RBCAA,2018,Dec. 31,351.5,16.3,20.4,62.9,4148.2,17.3,54.3,4103.6,10.1,545.0,20.4,5240.4,4550.5,689.9,2.375,32.646
RBCAA,2019,Mar. 31,345.5,16.3,37.0,82.6,4298.7,29.5,72.3,4240.7,27.4,569.2,37.0,5365.8,4648.7,717.1,2.375,37.935
RBCAA,2019,Jun. 30,473.8,16.3,21.2,65.7,4410.7,18.0,53.9,4364.7,15.1,581.7,21.2,5723.1,4991.7,731.4,2.375,42.46
RBCAA,2019,Sep. 30,397.1,16.3,22.7,68.1,4664.1,18.4,55.5,4617.1,12.8,594.5,22.7,6103.6,5359.2,744.4,1.875,37.295
RBCAA,2019,Dec. 31,385.3,16.3,32.3,64.5,4433.2,25.8,54.4,4389.8,19.7,614.2,32.3,5620.3,4856.1,764.2,1.625,40.409
RBCAA,2020,Mar. 31,316.3,16.3,33.6,81.2,4515.6,26.7,72.7,4445.2,30.6,628.4,33.6,5722.0,4938.0,784.0,0.125,28.678
RBCAA,2020,Jun. 30,560.2,16.3,19.6,56.9,5065.1,15.8,51.8,5010.0,15.7,638.3,22.2,6460.6,5665.0,795.6,0.125,28.669
RBCAA,2020,Sep. 30,342.0,16.3,25.8,55.9,4994.4,20.4,52.0,4934.5,19.4,652.7,21.8,6240.4,5430.1,810.4,0.125,24.901
RBCAA,2020,Dec. 31,485.6,16.3,23.6,58.3,4813.1,20.3,55.8,4752.0,21.4,666.3,25.0,6168.3,5345.0,823.3,0.125,32.192
RBCAA,2021,Mar. 31,984.9,16.3,33.7,69.6,4666.6,26.1,67.8,4591.3,29.0,682.3,33.7,6476.5,5638.8,837.7,0.125,39.827
RBCAA,2021,Jun. 30,747.0,16.3,30.6,51.3,4554.2,23.9,49.6,4493.9,15.8,690.8,20.7,6183.3,5338.2,845.1,0.125,41.762
RBCAA,2021,Sep. 30,1011.2,16.3,26.2,53.7,4343.8,20.0,52.3,4280.8,18.0,687.9,24.2,6187.6,5349.0,838.7,0.125,46.147
RBCAA,2021,Dec. 31,757.0,16.3,19.8,51.7,4496.6,16.8,50.9,4432.0,24.1,687.7,31.7,6093.6,5259.4,834.2,0.125,46.608
RBCAA,2022,Mar. 31,1077.2,16.3,35.8,63.6,4390.2,27.9,62.6,4318.6,31.0,708.9,35.8,6349.9,5509.5,840.3,0.375,41.439
RBCAA,2022,Jun. 30,795.1,16.3,31.0,52.9,4362.2,24.3,51.8,4297.8,30.6,718.6,31.0,6112.5,5270.3,842.2,1.625,44.822
RBCAA,2022,Sep. 30,754.4,16.3,26.0,60.6,4289.4,19.9,58.6,4224.5,15.1,728.6,26.0,5999.7,5158.7,841.0,3.125,35.846
RBCAA,2022,Dec. 31,313.7,16.3,24.0,67.1,4515.8,19.0,63.7,4445.4,13.1,742.2,24.0,5835.5,4978.9,856.6,4.375,38.625
RBCAA,2023,Mar. 31,249.3,41.6,36.1,100.4,4774.2,28.1,92.6,4678.1,22.7,763.0,36.1,6074.1,5191.9,882.2,4.875,40.377
RBCAA,2023,Jun. 30,242.0,40.5,26.5,79.1,5053.1,21.1,64.5,4980.9,19.7,771.3,26.5,6369.8,5482.8,887.0,5.125,40.821
RBCAA,2023,Sep. 30,219.7,40.5,27.1,85.9,5081.1,21.6,64.8,5006.5,14.0,777.8,27.1,6386.5,5493.1,893.4,5.375,42.659
RBCAA,2023,Dec. 31,316.6,40.5,23.5,90.7,5239.9,19.6,66.9,5157.7,15.1,786.5,23.5,6594.9,5682.1,912.8,5.375,53.88
RBCAA,2024,Mar. 31,546.4,40.5,38.7,130.6,5224.3,30.6,96.9,5115.6,23.4,808.8,38.7,6875.6,5940.0,935.6,5.375,50.174
SSB,2018,Mar. 31,227.3,999.6,53.6,138.0,6762.5,42.3,129.0,6717.3,43.5,453.0,11.3,14689.1,12366.5,2322.6,1.625,73.075
SSB,2018,Jun. 30,250.1,1002.7,52.1,141.7,7197.5,40.5,129.6,7149.7,37.5,480.9,11.6,14566.5,12218.1,2348.4,1.875,74.173
SSB,2018,Sep. 30,234.0,1002.9,56.9,143.6,7606.4,47.1,128.3,7556.6,32.0,515.2,9.8,14522.2,12154.1,2368.1,2.125,70.816
SSB,2018,Dec. 31,251.4,1002.9,61.7,143.9,7933.3,49.0,126.3,7882.1,32.7,551.1,12.7,14676.3,12310.0,2366.3,2.375,52.038
SSB,2019,Mar. 31,225.9,1002.9,55.6,143.4,8310.6,44.4,123.3,8258.6,32.1,582.0,11.2,15406.9,13030.4,2376.5,2.375,59.66
SSB,2019,Jun. 30,251.6,1002.9,51.7,150.0,8621.3,41.5,127.2,8567.7,37.6,609.4,10.2,15683.3,13309.4,2374.0,2.375,64.66
SSB,2019,Sep. 30,258.4,1002.9,64.6,150.0,8928.5,51.6,127.4,8873.6,37.6,646.3,13.0,15752.1,13401.1,2351.0,1.875,66.472
SSB,2019,Dec. 31,262.0,1002.9,58.5,147.4,9252.8,49.0,126.4,9195.9,36.3,679.9,9.5,15921.1,13548.1,2373.0,1.625,77.009
SSB,2020,Mar. 31,259.8,1002.9,28.4,147.8,11506.9,24.1,128.0,11362.1,44.1,643.3,4.3,16642.9,14321.9,2321.0,0.125,52.439
SSB,2020,Jun. 30,380.7,1603.4,-109.7,180.6,25499.1,-84.9,162.6,25064.5,54.3,542.7,-24.7,37725.4,33233.5,4491.9,0.125,42.958
SSB,2020,Sep. 30,344.4,1566.5,118.5,295.3,25237.8,95.2,270.3,24797.7,114.8,604.6,23.2,37819.4,33256.0,4563.4,0.125,43.739
SSB,2020,Dec. 31,363.3,1563.9,66.8,286.3,24664.1,86.2,265.6,24206.8,97.9,657.5,-19.5,37789.9,33142.0,4647.9,0.125,66.125
SSB,2021,Mar. 31,392.6,1579.8,188.0,278.5,24491.5,146.9,262.0,24085.0,96.3,771.0,41.0,39730.3,35010.5,4719.8,0.125,72.229
SSB,2021,Jun. 30,529.4,1581.1,127.6,267.5,24033.1,99.0,253.1,23682.7,79.0,836.6,28.6,40375.9,35618.2,4757.6,0.125,75.631
SSB,2021,Sep. 30,597.3,1581.1,153.6,271.4,23788.9,122.8,260.0,23474.8,87.0,925.0,30.8,40903.7,36110.8,4792.9,0.125,69.546
SSB,2021,Dec. 31,476.7,1581.1,135.1,267.4,23928.2,106.8,258.1,23626.4,91.9,997.7,28.3,41960.0,37157.1,4802.9,0.125,75.055
SSB,2022,Mar. 31,588.4,1924.0,127.4,270.5,26556.4,100.3,261.5,26256.0,86.1,1064.1,27.1,46201.5,41027.1,5174.4,0.375,76.87
SSB,2022,Jun. 30,561.5,1922.5,152.1,326.3,27935.3,119.2,315.8,27615.6,86.8,1146.2,32.9,46207.4,41167.0,5040.4,1.625,73.168
SSB,2022,Sep. 30,394.8,1922.5,171.2,376.3,28836.3,133.0,362.3,28511.9,73.1,1241.4,38.0,45178.6,40257.4,4921.2,3.125,75.489
SSB,2022,Dec. 31,548.4,1923.1,182.7,423.9,30177.9,143.5,396.1,29821.4,63.2,1347.0,39.3,43918.7,38843.8,5074.9,4.375,73.265
SSB,2023,Mar. 31,558.2,1923.1,179.0,450.4,30696.1,139.9,381.3,30325.5,71.4,1448.6,39.1,44923.8,39674.8,5249.0,4.875,68.798
SSB,2023,Jun. 30,552.9,1923.1,157.9,478.1,31536.8,123.4,361.7,31109.4,77.2,1533.5,34.5,44940.3,39650.3,5290.0,5.125,64.037
SSB,2023,Sep. 30,514.9,1923.1,157.3,500.5,32016.7,124.1,355.4,31568.7,72.8,1618.1,33.2,44989.1,39758.1,5231.0,5.375,66.002
SSB,2023,Dec. 31,510.9,1923.1,136.7,515.4,32388.5,106.9,354.2,31931.9,65.5,1685.2,29.7,44902.0,39368.9,5533.1,5.375,83.365
SSB,2024,Mar. 31,478.3,1923.1,153.5,517.3,32667.3,115.1,343.9,32197.7,71.6,1749.2,38.5,45144.8,39597.8,5547.0,5.375,84.483
WABC,2018,Mar. 31,555.6,121.7,21.8,34.5,1228.6,17.5,34.0,1205.5,12.0,184.2,4.3,5551.0,4969.0,582.1,1.625,48.231
WABC,2018,Jun. 30,629.1,121.7,22.9,37.3,1200.2,18.0,35.1,1177.2,11.8,191.2,4.9,5577.8,4991.7,586.1,1.875,47.265
WABC,2018,Sep. 30,522.7,121.7,21.2,38.6,1197.0,17.0,35.7,1174.9,12.5,197.5,4.3,5529.5,4936.9,592.6,2.125,50.647
WABC,2018,Dec. 31,420.3,121.7,25.1,41.3,1207.2,19.1,45.0,1185.9,11.8,205.8,5.9,5568.5,4952.9,615.6,2.375,47.195
WABC,2019,Mar. 31,421.8,121.7,25.4,39.5,1204.8,19.6,39.0,1184.4,11.6,211.9,5.7,5556.0,4899.2,656.8,2.375,52.719
WABC,2019,Jun. 30,418.6,121.7,25.9,39.6,1161.7,19.6,39.1,1141.6,12.3,220.2,6.2,5523.4,4830.0,693.4,2.375,52.896
WABC,2019,Sep. 30,415.6,121.7,27.0,39.7,1133.2,20.4,39.2,1113.4,11.8,229.5,6.6,5616.1,4902.7,713.4,1.875,53.738
WABC,2019,Dec. 31,373.4,121.7,26.9,39.9,1126.7,20.8,39.5,1107.2,11.7,239.1,6.3,5619.6,4888.1,731.4,1.625,58.935
WABC,2020,Mar. 31,304.6,121.7,22.2,40.0,1121.2,17.0,35.2,1096.4,11.6,238.9,5.3,5628.1,4922.6,705.5,0.125,51.442
WABC,2020,Jun. 30,500.8,121.7,25.9,41.5,1316.4,19.6,41.1,1291.8,9.6,247.0,6.3,6463.9,5655.8,808.1,0.125,50.581
WABC,2020,Sep. 30,399.0,121.7,26.8,41.4,1310.0,20.1,40.9,1285.9,10.5,254.7,6.7,6563.2,5737.6,825.6,0.125,48.201
WABC,2020,Dec. 31,621.3,121.7,31.9,43.0,1256.2,23.7,42.5,1232.4,13.9,264.4,8.1,6747.9,5903.1,844.8,0.125,49.42
WABC,2021,Mar. 31,866.5,121.7,27.1,42.3,1293.8,20.1,41.8,1270.3,10.2,273.3,7.0,6912.5,6100.3,812.1,0.125,56.511
WABC,2021,Jun. 30,939.9,121.7,30.5,44.3,1194.8,22.6,43.8,1171.1,11.0,284.9,8.0,7147.8,6305.6,842.2,0.125,52.572
WABC,2021,Sep. 30,1011.0,121.7,29.9,43.8,1132.5,22.1,43.3,1108.6,11.3,296.0,7.8,7403.6,6565.6,838.0,0.125,51.342
WABC,2021,Dec. 31,1132.1,121.7,29.5,43.0,1068.1,21.7,42.6,1044.6,10.8,306.4,7.7,7461.0,6633.9,827.1,0.125,53.081
WABC,2022,Mar. 31,1037.6,121.7,30.0,43.8,1002.5,22.6,43.3,979.6,11.6,317.6,7.4,7306.4,6604.7,701.7,0.375,56.034
WABC,2022,Jun. 30,753.3,121.7,34.1,48.0,999.8,25.3,47.5,977.5,11.3,331.6,8.8,7222.4,6605.3,617.1,1.625,51.923
WABC,2022,Sep. 30,413.7,121.7,47.4,60.8,979.0,34.8,60.3,957.8,11.8,355.1,12.6,7177.0,6638.0,539.0,3.125,49.129
WABC,2022,Dec. 31,294.2,121.7,54.1,69.2,958.5,39.3,68.7,938.2,10.4,383.1,14.8,6950.3,6348.2,602.1,4.375,55.83
WABC,2023,Mar. 31,195.2,121.7,55.0,69.6,938.6,40.5,70.7,919.1,10.5,403.3,14.6,6700.5,6057.5,642.9,4.875,42.23
WABC,2023,Jun. 30,266.2,121.7,54.7,70.5,919.6,40.2,69.9,901.1,10.7,432.4,14.5,6582.7,5930.9,651.9,5.125,36.921
WABC,2023,Sep. 30,420.6,121.7,56.9,72.8,885.9,41.6,71.3,868.1,11.3,462.3,15.3,6567.3,5918.9,648.4,5.375,42.07
WABC,2023,Dec. 31,190.3,121.7,55.0,71.1,866.6,39.5,69.4,849.7,11.0,490.0,15.4,6364.6,5591.7,772.9,5.375,55.375
WABC,2024,Mar. 31,434.2,121.7,49.4,68.7,844.7,36.4,65.4,828.8,10.1,514.6,13.0,6464.7,5673.0,791.7,5.375,48.437
